Ticker,Company Name,Field,Info,Address,Website
AAV,CTCP Việt Tiên Sơn Địa ốc,Bán buôn hàng tiêu dùng,"Công ty Cổ phần Việt Tiên Sơn Địa Ốc (AAV) được thành lập vào năm 2010. Công ty hoạt động trong lĩnh vực đầu tư xây dựng và kinh doanh bất động sản, kinh doanh thực phẩm đông lạnh, du lịch lữ hành và sản xuất kinh doanh thuốc đông nam dược, thực phẩm chức năng. AAV trở thành công ty đại chúng từ năm 2017. AAV được niêm yết và giao dịch trên Sở Giao dịch Chứng khoán Hà Nội (HNX) từ năm 2018.",Tòa nhà Việt Tiên Sơn - Khu dân cư phía Đông đường Yết Kiêu - P. Cộng Hòa - Tp. Chí Linh - T. Hải Dương,http://www.viettienson.com
AMV,CTCP Sản xuất Kinh doanh Dược và Trang thiết bị Y tế Việt Mỹ,"Bán buôn các thiết bị, vật tư chuyên môn và thương mại","CTCP Sản xuất Kinh doanh Dược và Trang thiết bị Y tế Việt Mỹ (AMV) được thành lập năm 2002 bởi 3 cổ đông sáng lập với số vốn điều lệ ban đầu là 15 tỷ đồng. Lĩnh vực hoạt động chủ yếu của Công ty bao gồm kinh doanh dược phẩm, mua bán trang thiết bị y tế, dụng cụ và hóa chất xét nghiệm y tế; sản xuất, kinh doanh vaccine, sinh phẩm y tế; kinh doanh địa ốc; đầu tư tài chính. AMV là doanh nghiệp đầu tiên trong nước sản xuất dòng sản phẩm ""sinh phẩm chẩn đoán nhanh"" với công nghệ cho kết quả xét nghiệm trong từ 1-25 phút với độ chính xác lên tới 99-99.9%.",Lầu 4 Tòa nhà Phú Mã Dương Số 85 Hoàng Văn Thái - P. Tân Phú - Q. 7 - Tp. HCM,http://amvibiotech.com/
API,CTCP Đầu tư Châu Á - Thái Bình Dương,Xây dựng và Bất động sản,"CTCP Đầu tư Châu Á - Thái Bình Dương (API) được thành lập năm 2006 với vốn điều lệ 22.95 tỷ đồng. Ngành nghề chính của Công ty là công nghiệp phát triển và vận hành bất động sản. Các lĩnh vực hoạt động của Công ty bao gồm: tư vấn lập và quản lý dự án đầu tư (không bao gồm dịch vụ thiết kế công trình, tư vấn pháp luật và tài chính); dịch vụ môi giới, xúc tiến thương mại; dịch vụ tổ chức sự kiện, hội nghị, hội thảo, triển lãm; dịch vụ quan hệ công chúng; quảng cáo thương mại và phi thương mại. Một số dự án nổi bật của API có thể kể tới như Khu đô thị AZURA (Thái Nguyên), Dự án chợ Tam Đa (Hà Nội), Khu đô thị Bàn Thành - Anh Nhơn - Bình Định, Dự án Khu đô thị tại thành phố Hà Nam.",Tầng 3 Tòa nhà Grand Plaza - Số 117 Trần Duy Hưng - P. Trung Hòa - Q. Cầu Giấy - Tp. Hà Nội,https://apeci.com.vn/
APS,CTCP Chứng khoán Châu Á Thái Bình Dương,Tài chính và bảo hiểm,"CTCP Chứng khoán Châu Á - Thái Bình Dương (APS) là công ty chứng khoán thứ 37 được cấp phép hoạt động vào năm 2006 với vốn điều lệ là 60 tỷ đồng. Công ty cung cấp dịch vụ môi giới chứng khoán, dịch vụ lưu ký và cả tự doanh chứng khoán. Ngoài ra, APS cũng tham gia tư vấn đầu tư chứng khoán và dịch vụ nghiên cứu thị trường, dịch vụ quản lý tài chính và dịch vụ tư vấn tài chính cho các sự kiện của công ty như cổ phần hóa, chào bán cổ phần, niêm yết và đấu giá. Công ty đang quản lý hơn 32,000 tài khoản của khách hàng trên cả nước, tập trung chủ yếu tại Hà Nội, Huế, Đà Nẵng và thành phố Hồ Chí Minh. APS có chi nhánh tại 4 tỉnh thành phố lớn và hệ thống 42 đại lý trên cả nước. ","Tầng 3 toà nhà Grand Plaza, số 117 Trần Duy Hưng - P. Trung Hoà - Q. Cầu Giấy - Hà Nội",http://www.apec.com.vn
ART,CTCP Chứng khoán BOS,Tài chính và bảo hiểm,"CTCP Chứng khoán Artex (ART) được thành lập năm 2008 với vốn điều lệ 135 tỷ đồng. Các ngành nghề chính của Công ty là môi giới chứng khoán, tự doanh chứng khoán, tư vấn đầu tư chứng khoán và lưu ký chứng khoán. Tháng 9/2018, cổ phiếu ART niêm yết trên Sở Giao dịch chứng khoán Hà Nội (HNX). Năm 2019, đổi tên thành Công ty cổ phần Chứng khoán BOS.",Tầng 25 Toà nhà văn phòng - 265 Cầu Giấy - P. Dịch Vọng - Q. Cầu Giấy - Tp. Hà Nội,https://bos.vn/
BAB,Ngân hàng TMCP Bắc Á,Tài chính và bảo hiểm,"Ngày 01/09/1994, Ngân hàng Thương mại Cổ phần Bắc Á được thành lập với vốn điều lệ ban đầu là 20 tỷ đồng. Ngân hàng hoạt động chủ yếu trong lĩnh vực huy động vốn và cho vay tín dụng. Khách hàng mục tiêu của ngân hàng là các doanh nghiệp hoạt động ở lĩnh vực ứng dụng công nghệ cao trong nông nghiệp, nông thôn và các ngành công nghiệp hỗ trợ cho ngành nông nghiệp. Trong năm 2012, ngân hàng Bắc Á tư vấn thành công cho dự án TH True Milk. BAB được niêm yết và giao dịch trên Sở Giao dịch Chứng khoán Hà Nội (HNX) từ tháng 03/2021.",Số 117 Quang Trung - P. Quang Trung - Tp. Vinh - T. Nghệ An,http://www.baca-bank.vn
BCC,CTCP Xi măng Bỉm Sơn,Sản xuất sản phẩm khoáng chất phi kim,"CTCP Xi măng Bỉm Sơn (BCC) được thành lập trong giai đoạn 1975 - 1980, tiền thân là Nhà máy Xi măng Bỉm Sơn. BCC là công ty con của Tập đoàn Xi măng Quốc gia Việt Nam (VICEM). Công ty sản xuất, nhập khẩu, xuất khẩu, kinh doanh xi măng, clinker và các vật liệu xây dựng khác (bê tông trộn sẵn, mô-đun bê tông đúc sẵn). BCC có tổng công suất sản xuất clinker đạt 3.1 triệu tấn/năm và tổng công suất nghiền xi măng đạt 4 tr...",Khu phố 7 - P. Ba Đình - Tx. Bỉm Sơn - T. Thanh Hóa,http://ximangbimson.com.vn
BII,CTCP Louis Land,Xây dựng và Bất động sản,"Công ty cổ phần Louis Land (Trước đây là CTCP Đầu tư và Phát triển Công nghiệp Bảo Thư) được thành lập ngày 29/05/2008. Năm 2014, chính thức niêm yết cổ phiếu trên Sở GDCK Hà Nội với mã chứng khoán là BII. Công ty tập trung vào ngành nghề kinh doanh cốt lõi là BĐS với 3 mảng chính là BĐS Công nghiệp, BĐS Dân dụng và BĐS Đô thị. BII liên kết với các công ty có công nghệ lõi giúp gia tăng giá trị BĐS (BĐS thông minh - smart living, thanh toán thông minh - smart payment, năng lượng xanh…).",Khu phố 11 - P. Bình Tân - TX. Lagi - T. Bình Thuận,https://louisland.vn
BNA,CTCP Đầu tư Sản xuất Bảo Ngọc,Sản xuất thực phẩm,"Công ty Cổ phần Đầu tư Sản xuất Bảo Ngọc (BNA) có tiền thân là Công ty cổ phần Đầu tư Sản xuất Bảo Ngọc Akito được thành lập năm 2012. BNA trở thành công ty đại chúng từ tháng 05/2018. Công ty hoạt động chính trong lĩnh vực sản xuất và kinh doanh bánh kẹo. Công ty hiện đang quản lý vận hành Nhà máy Bảo Ngọc Miền Bắc với diện tích 6,000m2, công suất 100,000 tấn sản phẩm/năm, Nhà máy Bảo Ngọc Miền Nam với diện tích 6,000m2, công suất 100,000 tấn sản phẩm/năm. BNA chính thức được niêm yết và giao dịch tại Sở Giao dịch Chứng khoán Hà Nội (HNX) từ cuối năm 2020.",Tòa nhà Bảo Ngọc - Lô A2 CN8 - Cụm Công nghiệp Từ Liêm - P. Phương Canh - Q. Nam Từ Liêm - Tp. Hà Nội,http://www.banhbaongoc.vn
BTS,CTCP Xi măng VICEM Bút Sơn,Sản xuất sản phẩm khoáng chất phi kim,"CTCP Xi măng VICEM Bút Sơn được thành lập năm 1997, tiền thân của công ty là Ban quản lí công trình xây dựng Nhà máy Xi măng Bút Sơn. Công ty xi măng Bút sơn có trang thiết bị tiên tiến hiện đại, đồng bộ cùng hệ thống kiểm tra, đo lường tín hiệu, điều khiển tự động hoá ở mức cao đảm bảo thiết bị hoạt động an toàn, ổn định và vệ sinh môi trường. Nhà máy đặt tại xã Thanh Sơn, huyện Kim Bảng, tỉnh Hà Nam, gần Quốc lộ 1, cách Hà Nội 60km về phía Nam, gần các sông Đáy, sông Châu, sông Nhuệ và đường sắt Bắc - Nam rất thuận tiện cho việc chuyên chở xi măng và nguyên nhiên liệu phục vụ sản xuất.",X. Thanh Sơn - H. Kim Bảng - T. Hà Nam,http://www.vicembutson.com.vn/
BVS,CTCP Chứng khoán Bảo Việt,Tài chính và bảo hiểm,"CTCP Chứng khoán Bảo Việt (BVS) là công ty chứng khoán đầu tiên được thành lập tại Việt Nam năm 1999 với cổ đông sáng lập là Tập đoàn Bảo Việt. Công ty hoạt động chính trong lĩnh vực môi giới chứng khoán, trái phiếu, tự doanh chứng khoán, tư vấn đầu tư, bảo lãnh phát hành và lưu ký chứng khoán. Trong chiến lược phát triển trung và dài hạn, BVS có kế hoạch trở thành Công ty chứng khoán cung cấp đa dịch vụ với mục tiêu ưu tiên là môi giới và dịch vụ ngân hàng đầu tư.",Tầng 2 và 3 tòa nhà số 72 - Đường Trần Hưng Đạo - P. Trần Hưng Đạo - Q. Hoàn Kiếm - Tp. Hà Nội,http://www.bvsc.com.vn/
C69,CTCP Xây dựng 1369,Xây dựng và Bất động sản,"CTCP Xây dựng 1369 (C69) được thành lập vào tháng 08/2003. Công ty hoạt động chính trong lĩnh vực thiết kế thi công các công trình xây dựng dân dụng và công nghiệp. Ngoài ra, Công ty cũng tham gia hoạt động kiến trúc và tư vấn kỹ thuật, tư vấn quản lý dự án; khai thác, sản xuất, kinh doanh, xuất khẩu khoáng sản; bốc xúc, vận tải hàng hoá bằng đường bộ; buôn bán máy móc, thiết bị công nghiệp và phụ tùng máy khác... C69 trở thành công ty đại chúng vào năm 2016. Ngày 21/04/2017, C69 chính thức giao dịch tại Sở Giao dịch Chứng khoán Hà Nội (HNX).",Số 37 - 38 Phố Dã Tượng - P. Lê Thanh Nghị - Tp. Hải Dương - T. Hải Dương,https://cpxd1369.com.vn/
CEO,CTCP Tập đoàn C.E.O,Xây dựng và Bất động sản,"Công ty Cổ phần Đầu tư C.E.O, tiền thân là Công ty TNHH Thương mại, Xây dựng và Công nghệ Việt Nam (VITECO) được thành lập ngày 26/10/2001 với vốn điều lệ ban đầu là 1.6 tỷ đồng. Năm 2014, cổ phiếu của công ty chính thức được giao dịch trên Sở Giao dịch Chứng khoán Hà Nội (HNX) với mã chứng khoán CEO. Năm 2016, CEO khai trương Khu nghỉ dưỡng 5 sao Novotel Phu Quoc Resort và khánh thành Trường Cao đẳng Đại Việt có trụ sở tại Bắc Ninh. Tập đoàn CEO tập trung vào 5 trụ cột kinh doanh cốt lõi bao gồm: Phát triển và quản lý Bất động sản, Phát triển và quản lý Bất động sản nghỉ dưỡng, Du lịch - Quản lý khách sạn, Xây dựng, Phát triển nguồn nhân lực.",Tầng 5 - Tháp CEO - HH2-1 - Đô thị mới Mễ Trì Hạ - Đường Phạm Hùng - P. Mễ Trì - Q. Nam Từ Liêm - Tp. Hà Nội,http://ceogroup.com.vn
CMS,CTCP CMVIETNAM,Xây dựng và Bất động sản,"CTCP Xây dựng và Nhân lực Việt Nam (CMS) được thành lập vào năm 2007, trước đây là CTCP Cavico Xây dựng Nhân lực và Dịch vụ (Cavico CMS). Công ty hoạt động trong lĩnh vực xây dựng các công trình hạ tầng trong và ngoài nước; xây dựng đường hầm, công trình giao thông; kinh doanh buôn bán vật liệu, máy móc thiết bị xây dựng và xuất khẩu lao động; kinh doanh bất động sản. Trong lĩnh vực xây dựng, CMS được thừa hưởng rất nhiều từ giá trị thương hiệu của Tổng công ty Cavico Việt Nam, một doanh nghiệp hàng đầu trong lĩnh vực thi công, xây lắp các công trình xây dựng cơ bản, đường, hầm cầu, các nhà máy điện. Một số dự án tiêu biểu là Dự án Hầm giao thông (Algieria), Dự án Thủy điện Ulu Jelai (Malaysia), Dự án Thủy Điện Xayabury (Lào), Dự án Thủy điện Xepian Xenamnoy (Lào), Dự án Thủy điện Sendje Ghine (Ghine Xích đạo), Dự án Thủy điện Nậm Ngừm 1 (Lào), Dự án Thủy lợi Ngàn Trươi (Hà Tĩnh), Dự án Hồ chứa nước Bản Mòng (Sơn La), Dự án Thi công Xây dựng Mở rộng Hầm Hải Vân 2 (Huế - Đà Nẵng)... Trong lĩnh vực xuất khẩu lao động, CMS là đơn vị đầu tiên ở Việt Nam đưa người đi lao động nước ngoài thông qua hình thức đấu thầu cung cấp nhân lực cho dự án tại nước ngoài. Công ty là một trong những đơn vị có mô hình xuất khẩu lao động có tay nghề cao ra nước ngoài được Bộ Lao động Thương binh và Xã hội công nhận.",Số 33 - Đường Cầu Diễn - P. Phúc Diễn - Q. Bắc Từ Liêm - Tp. Hà Nội,http://www.cmvietnam.vn
CSC,CTCP Tập đoàn COTANA,Xây dựng và Bất động sản,"CTCP Tập đoàn Cotana (CSC) có tiền thân là Công ty TNHH Xây dựng Thành Nam được thành lập năm 1993. Công ty cổ phần hóa năm 2004 với vốn điều lệ ban đầu là 10.62 tỷ đồng. CSC hoạt động trong lĩnh vực xây dựng các công trình dân dụng, công nghiệp, giao thông, thuỷ lợi, công trình kỹ thuật cơ sở hạ tầng; lắp đặt điện nước, điện lạnh, trang trí ngoại nội thất công trình; sản xuất và buôn bán: vật liệu xây dựng, máy móc, thiết bị xây dựng...; môi giới và kinh doanh bất động sản. Các dự án nổi bật của Công ty bao gồm: Tòa nhà Hud Tower - Lê Văn Lương, Hà Nội; Khu đô thị mới Đặng Xá, Gia Lâm, Hà Nội; Ký túc xá Trường Cao đăng xây dựng số 1, Hà Đông; Khu đô thị mới Đông Sơn Thanh Hóa; các dự án đầu tư nhà ở thấp tầng BT08, LK27 tại khu đô thị mới Vân Canh, khu nhà thấp tầng Nơ - 05B Việt Hưng, nhà ở chung cư cao tầng CT17, khu nhà cao cấp Viglacera Tower...",Lô CC5A Bán đảo Linh Đàm - P. Hoàng Liệt - Q. Hoàng Mai - Tp. Hà Nội,http://www.cotanagroup.vn
CTC,CTCP Tập đoàn Hoàng Kim Tây Nguyên,"Cửa hàng đồ dùng thể thao, đồ cổ, sách và âm nhạ","CTCP Gia Lai CTC (CTC) có tiền thân là Công ty Điện ảnh Gia Lai được thành lập vào năm 1975. Công ty hoạt động kinh doanh tập trung vào các lĩnh vực: phát hành sách, kinh doanh văn phòng phẩm, liên kết xuất bản; kinh doanh dịch vụ nhà hàng, khách sạn; kinh doanh dịch vụ du lịch, vui chơi giải trí. CTC chính thức hoạt động theo mô hình công ty cổ phần từ năm 2004 và niêm yết trên HNX vào năm 2008. CTC là một trong 10 doanh nghiệp phát hành sách hàng đầu của Việt Nam và đang quản lý 15 nhà sách trải rộng trên các tỉnh miền Trung (Gia Lai, Bình Định, Nghệ An, Thanh Hóa, Phú Yên, TPHCM, Quảng Ngãi, Phú Yên).",Số 18 Lê Lai - P. Tây Sơn - Tp. Pleiku - T. Gia Lai,http://gialaictc.com.vn
CVN,CTCP Vinam,Bán buôn kim loại và khoáng sản (trừ dầu khí),"CTCP Vinam (CVN) tiền thân là CTCP Đầu tư Tài nguyên và Năng lượng Việt Nam được thành lập năm 2007. Hoạt động kinh doanh chính của Công ty bao gồm dịch vụ xây dựng công trình; khai thác, sản xuất, kinh doanh vật liệu xây dựng; khai thác mỏ và kinh doanh bất động sản. Công ty đã thực hiện thi công một số công trình như tổng thầu dự án thi công trường trung cáp nghề kinh tế kỹ thuật Hòa Bình, liên doanh cùng CTCP Solavina triển khai thi công các hạng mục Nhà máy xi măng Quán Triều, Nhà máy xi măng La Hiên, Khu đô thị Văn Phú - Hà Đông. Tuy nhiên, hiện tại các dự án CVN tham gia đều đang ở trạng thái tạm dừng hoặc không khả thi.",Phòng 302 tầng 3 tòa tháp Tây chung cư thuộc dự án khu nhà ở cán bộ Học viện quốc phòng - P. Xuân La - Q. Tây Hồ - Tp. Hà Nội,http://www.vinamgroup.com.vn
DDG,CTCP Đầu tư Công nghiệp Xuất nhập khẩu Đông Dương,"Nước, chất thải và các hệ thống khác","CTCP Đầu tư Công nghiệp Xuất nhập khẩu Đông Dương (DDG) tiền thân là Công ty TNHH Đầu tư Phát triển Giáo dục Đông Thành thành lập vào năm 2010. Công ty hoạt động chính trong lĩnh vực thiết kế, đầu tư xây dựng hệ thống cung cấp hơi nhiệt - điện. Bên cạnh đó, Công ty còn tham gia kinh doanh nhiên liệu biomass và các phế phẩm nông nghiệp dùng làm nhiên liệu đốt trực tiếp hoặc dùng để sản xuất nhiên liệu biomass. DDG chuyển đổi thành công ty cổ phần từ năm 2016.",162B Điện Biên Phủ - P. Võ Thị Sáu - Q. 3 - TP. Hồ Chí Minh,https://dongduongcorp.com.vn/vi/
DL1,CTCP Tập đoàn Alpha Seven,Vận tải và kho bãi,"CTCP Đầu tư Phát triển Dịch vụ Công trình Công cộng Đức Long Gia Lai (DL1) tiền thân là Chi nhánh Bến xe Liên tỉnh Đức Long Gia Lai được thành lập năm 2005 với hoạt động kinh doanh chủ yếu là khai thác, điều hành Bến xe Đức Long Gia Lai. Bến xe Đức Long Gia Lai là bến xe khách duy nhất tại Thành phố Pleiku và là bến xe khách lớn nhất trên địa bàn tỉnh Gia Lai. Mảng hoạt động vận tải hành khách, thu phí qua bến là hai mảng hoạt động kinh doanh mang lại doanh thu chính cho Công ty. Bên cạnh đó, từ năm 2017, DL1 còn bổ sung một ngành nghề mới là hoạt động Bất động sản.",120 Trần Phú - P. Diên Hồng - Tp. Pleiku T. Gia Lai,https://www.a7group.vn/
DST,CTCP Đầu tư Sao Thăng Long,Công nghệ và thông tin,"CTCP Đầu tư Sao Thăng Long (DST) tiền thân là Phòng sách giáo khoa trực thuộc Sở Giáo dục - Đào tạo Nam Định được thành lập năm 1983. Năm 2004, Công ty chuyển sang hoạt động theo mô hình cổ phần. DST hoạt động chính trong ngành kinh doanh sách giáo khoa với thế mạnh là sách tham khảo và văn phòng phẩm. Từ năm 2018, Công ty được tái cấu trúc và hoạt động theo mô hình tập đoàn với các công ty thành viên, liên kết. Vốn điều lệ của Công ty hiện tại là 323 tỷ VND (khoảng 15 triệu USD). DST được định hướng hoạt động chính trong các lĩnh vực đầu tư tài chính và tư vấn mua bán, sáp nhập (M&A), các công ty thành viên liên kết sẽ hoạt động trong nhiều lĩnh vực từ sản xuất cho đến thương mại.",Số 13 Minh Khai - P. Nguyễn Du - Tp. Nam Định - T. Nam Định,http://saothanglong.vn
DTC,CTCP Viglacera Đông Triều,Sản xuất sản phẩm khoáng chất phi kim,"Công ty cổ phần Đông Triều Viglacera (DTC) là đơn vị thuộc Tổng công ty Viglacera chuyên sản xuất và kinh doanh vật liệu xây dựng hàng đầu Việt Nam với nhãn hiệu thương mại VIGLACERA. Hiện nay Công ty đã có ba nhà máy sản xuất vật liệu xây dựng chuyên sản xuất các sản phẩm chính bao gồm các loại gạch xây 2 lỗ, 6 lỗ, gạch nem tách 200, 250, 300, các loại ngói lợp, ngói mũi hài, ngói sò… Thị trường tiêu thụ chính của công ty bao gồm Quảng Ninh, Hải Phòng, Hải Dương, Hà Nội, Bắc Ninh, Bắc Giang, Thái Bình, Nam Định, Ninh Bình. Bên cạnh lĩnh vực sản xuất kinh doanh vật liệu xây dựng, công ty còn thành lập các xí nghiệp trực thuộc về xây dựng công trình công nghịêp dân dụng, kinh doanh dịch vụ. Ngày 16/11/2021 là ngày giao dịch đầu tiên cổ phiếu niêm yết trên sàn HNX.",P. Xuân Sơn - TX. Đông Triều - T. Quảng Ninh,http://viglaceradtc.com.vn/
DTD,CTCP Đầu tư Phát triển Thành Đạt,Xây dựng và Bất động sản,"CTCP Đầu tư Phát triển Thành Đạt (DTD) tiền thân là Công ty Xây dựng Thành Đạt, được thành lập năm 2001 với ngành nghề chính là xây dựng các công trình dân dụng, san lấp mặt bằng và xây dựng hạ tầng. Năm 2015, DTD chuyển đổi hoạt động theo mô hình công ty cổ phần. Công ty hoạt động chủ yếu tại tỉnh Hà Nam và các vùng lân cận. DTD đã thi công các dự án tiêu biểu như Dự án Xây dựng Khu công nghiệp Đồng Văn III - Duy Tiên - Hà Nam, Dự án đầu tư xây dựng công trình Trường THPT chuyên Biên Hòa - Phủ Lý - Hà Nam, Dự án Trung tâm nuôi dưỡng bệnh binh và người có công tỉnh Hà Nam - Hạng mục Nhà điều dưỡng, Dự án xây dựng hạ tầng Bệnh viện Hữu Nghị Việt Đức - Cơ sở II, Dự án xây dựng hạ tầng Bệnh viện Bạch Mai - Cơ sở II.",Đường Nguyễn Thị Định - P. Thanh Châu - Tp. Phủ Lý - T. Hà Nam,http://thanhdathanam.vn
DVG,CTCP Tập đoàn Sơn Đại Việt,"Sản xuất hóa chất, dược phẩm","CTCP Tập đoàn Sơn Đại Việt được thành lập năm 2006. Sau gần 20 năm phát triển trong ngành sơn, Công ty đã trở thành đơn vị cung cấp sơn có chất lượng và uy tín đến tay người tiêu dùng. Bên cạnh chất lượng vượt trội, trong mỗi sản phẩm sơn của Đại Việt đều chứa đựng những thông điệp văn hóa, nhằm thỏa mãn tối đa nhu cầu của khách hàng.",Đường Thanh Lãm - P. Phú Lãm - Q. Hà Đông - Tp. Hà Nội,http://sondaiviet.com.vn/
DXP,CTCP Cảng Đoạn Xá,Vận tải và kho bãi,"CTCP Cảng Đoạn Xá (DXP) được thành lập năm 1995, tiền thân là Xí nghiệp Xếp dỡ Đoạn Xá trực thuộc Cảng Hải Phòng. Hoạt động kinh doanh chính của Công ty là bốc xếp hàng hoá; kho bãi và lưu giữ hàng hoá; vận tải hàng hoá ven biển và viễn dương; vận tải hàng hoá bằng đường bộ; dịch vụ đại lý tàu biển, dịch vụ đại lý vận tải đường biển. So với các đơn vị khác cùng ngành, lợi thế lớn của DXP là có hệ thống kho bãi rộng rãi với diện tích gần 70,000 m2 bãi và 800 m2 kho CFS.",Số 15 - Đường Ngô Quyền - P. Vạn Mỹ - Q. Ngô Quyền - Tp. Hải Phòng,http://www.doanxaport.com.vn
EVS,CTCP Chứng khoán Everest,Tài chính và bảo hiểm,"Công ty Cổ phần Chứng khoán Everest có tiền thân là Công ty Cổ phần Chứng khoán Đại Dương, được thành lập vào năm 2006. Công ty cung cấp tất cả các dịch vụ liên quan đến chứng khoán cơ bản bao gồm: môi giới, bảo lãnh phát hành, lưu ký chứng khoán, tự doanh chứng khoán, đầu tư và tư vấn tài chính. EVS được niêm yết trên Sở Giao dịch Chứng khoán Hà Nội (HNX) từ tháng 05/2019.",Tầng 2 Tòa nhà VNT Tower - Số 19 Nguyễn Trãi - P. Khương Trung - Q. Thanh Xuân - Tp. Hà Nội,https://www.eves.com.vn
FID,CTCP Đầu tư và Phát triển Doanh nghiệp Việt Nam,Bán buôn kim loại và khoáng sản (trừ dầu khí),"CTCP Đầu tư và Phát triển doanh nghiệp Việt Nam (FID) được thành lập năm 2010 với cổ đông sáng lập là những lãnh đạo, chuyên gia cao cấp từ Bộ Xây dựng, các Tổng công ty Xây dựng Nhà nước và các định chế tài chính, bảo hiểm. Từ ngày đầu thành lập đến năm 2013, Công ty chủ yếu hoạt động môi giới bất động sản. Đến năm 2014, Công ty mở rộng kinh doanh thương mại các mặt hàng quặng kim loại, vật liệu xây dựng và đẩy mạnh dịch vụ môi giới bất động sản, tư vấn tái cấu trúc doanh nghiệp, đầu tư tài chính. Hiện tại, FID đang có hai công ty liên kết là CTCP Gang Thép Công nghiệp Việt Nam (21.88%) và CTCP Đầu tư Thương mại Thanh Thủy (46.6%). Mục tiêu của FID là trở thành Tập đoàn đầu tư đa ngành vào các Doanh nghiệp Việt Nam và khu vực. Công ty dự kiến tăng vốn điều lệ lên 1,000 tỷ trong trung hạn và trên 5,000 tỷ trong dài hạn.",Tầng 7 số 71 Hoàng Cầu - P. Ô Chợ Dừa - Q. Đống Đa - Tp. Hà Nội,http://vndi.com.vn
GKM,CTCP Khang Minh Group,Sản xuất sản phẩm khoáng chất phi kim,"CTCP Khang Minh Group (GKM) tiền thân là CTCP Gạch Khang Minh, được thành lập vào năm 2010. Công ty hoạt động chính trong lĩnh vực sản xuất bê tông và các sản phẩm từ xi măng, thạch cao; sản xuất sản phẩm từ plastic; sản xuất sản phẩm từ chất khoáng phi kim loại… chủ yếu phục vụ thị trường Hà Nam, Hà Nội và các tỉnh lân cận. GKM hiện quản lý và vận hành 6 dây chuyền sản xuất gạch xây không nung với tổng công suất 195 triệu viên qui tiêu chuẩn/năm. Nhà máy gạch không nung của GKM được đặt tại Cụm Công nghiệp mở rộng Tây Nam, xã Thanh Sơn, huyện Kim Bảng, tỉnh Hà Nam. Đây là Nhà máy sản xuất gạch xây không nung xi măng cốt liệu có công suất lớn nhất cả nước. Tháng 01/2019, GKM chính thức công bố chiến lược giai đoạn mới, gia nhập thị trường đá ốp lát với sản phẩm chủ lực là Conslab Thạch Anh. Cùng với đó, Công ty quyết định đầu tư xây dựng nhà máy Conslab Thạch Anh tại Hà Nam với tổng mức đầu tư 300 tỷ đồng, công suất ước thiết kế đạt 1.5 triệu m2 thành phẩm/năm, gồm 6 dây chuyền tự động. Đến tháng 03/2019, Conslab Thạch Anh đã chính thức ra mắt thị trường trong nước và quốc tế, với 2 dòng sản phẩm tiêu biểu là Conslab Thạch Anh Tiêu chuẩn và Conslab Thạch Anh Đá quý.",KCN Châu Sơn - P. Lê Hồng Phong - Tp. Phủ Lý - T. Hà Nam,http://khangminhgroup.com
HBS,CTCP Chứng khoán Hòa Bình,Tài chính và bảo hiểm,"CTCP Chứng khoán Hòa Bình (HBS) được thành lập đầu năm 2008 với vốn điều lệ ban đầu là 160 tỷ đồng. Hoạt động kinh doanh chính của Công ty bao gồm lưu ký chứng khoán, môi giới chứng khoán, tự doanh chứng khoán, tư vấn đầu tư chứng khoán. Trong đó, HBS chú trọng phát triển hai mảng chính của lĩnh vực tư vấn là tư vấn niêm yết và tư vấn phát hành chứng khoán huy động vốn. HBS chính thức niêm yết trên Sở Giao dịch Chứng khoán Hà Nội (HNX) từ năm 2010.",Tầng 7-9 Tòa nhà 46-48 - Bà Triệu - P.Hàng Bài - Q.Hoàn Kiếm - Tp.Hà Nội,http://www.hbse.com.vn
HHG,CTCP Hoàng Hà,Vận tải và kho bãi,"CTCP Hoàng Hà (HHG) được thành lập năm 2001, kinh doanh đa ngành nghề nhưng chủ yếu là lĩnh vực vận tải hành khách. Hiện nay, ngoài trụ sở chính tại Thái Bình, Công ty còn mở 2 chi nhánh tại Hà Nội và Quảng Ninh. HHG có gần 350 đầu phương tiện vận tải các loại với số vốn đầu tư riêng về phương tiện đạt gần 300 tỷ đồng. HHG nhập xe từ các hãng gồm Mercedes-Benz, Toyota, Isuzu, Hyundai, Hino, Fuso,v.v... Công ty xác định một trong những lợi thế cạnh tranh của doanh nghiệp là sự kết hợp chặt chẽ giữa các loại hình dịch vụ vận tải khách trên các tuyến cố định, taxi, hợp đồng, xe buýt, dịch vụ chuyển phát nhanh, dịch vụ sửa chữa… Ngày 28/07/2010, HHG chính thức niêm yết trên sàn Sở Giao dịch Chứng khoán Hà Nội (HNX).",Số 368 phố Lý Bôn - P.Tiền Phong - Tp.Thái Bình - T.Thái Bình,http://www.hoanghaco.com.vn
HOM,CTCP Xi măng VICEM Hoàng Mai,Sản xuất sản phẩm khoáng chất phi kim,"Công ty Cổ phần Xi măng VICEM Hoàng Mai được thành lập vào ngày 07/10/1995, nhà máy được khởi công xây dựng từ tháng 6/1999 và đi vào hoạt động sản xuất kinh doanh từ tháng 7 năm 2002. Nhà máy xi măng Vicem Hoàng Mai có công suất 1.26 triệu tấn Clinker trên một năm tương đương với 1.4 triệu tấn xi măng trên 1 năm, sản xuất xi măng theo phương pháp khô, lò quay do hãng FCB (Cộng hòa Pháp) chuyển giao công nghệ và phương pháp đồng bộ. Trụ sở chính và nhà máy đặt tại Thị xã Hoàng Mai thuộc vùng kinh tế Nam Thanh Bắc Nghệ, với vị trí thuận lợi về giao thông đường sắt, thủy, bộ, có nguồn nguyên liệu chất lượng cao, dồi dào.",Khối 7 - P. Quỳnh Thiện - Tx. Hoàng Mai - T. Nghệ An,http://www.ximanghoangmai.vn
HUT,CTCP Tasco,Xây dựng và Bất động sản,"Công ty Cổ phần Tasco (tiền thân là Đội cầu Nam Hà) được thành lập năm 1971. Đến năm 2020, Công ty được cổ phần hóa và đổi tên thành Công ty Cổ phần XDGT và CSHT Nam Định. Ngày 04/04/2008, cổ phiếu của công ty được niêm yết trên sàn HNX. Là một trong những doanh nghiệp dẫn đầu trong lĩnh vực xây lắp hạ tầng giao thông tại khu vực miền Bắc. Các công trình tiêu biểu công ty đã thi công là dự án cầu Cửa Nhượng, dự án cầu Phù Vân, xây dựng quốc lộ 10 từ cầu Quáng Toan đến cầu Nghìn, thành phố Hải Phòng.",Tầng 4 - Tòa nhà M5 - Số 91 Nguyễn Chí Thanh - P. Láng Hạ - Q. Đống Đa - Tp. Hà Nội,http://www.taric.com.vn
IDC,Tổng Công ty IDICO – CTCP,"Phát, truyền tải và phân phối điện năng","Tổng Công ty IDICO tiền thân là tổng Công ty Đầu tư phát triển Đô thị và Khu công nghiệp Việt Nam được thành lập năm 2000. Các lĩnh vực kinh doanh của doanh nghiệp bao gồm đầu tư xây dựng, kinh doanh phát triển hạ tầng kỹ thuật đô thị, khu công nghiệp, khu kinh tế, khu dân cư; đầu tư xây dựng, kinh doanh các dự án điện lực, giao thông, thủy lợi, cấp nước, cầu cảng; thi công, lắp đặt máy móc, thiết bị, kết cấu kim loại; kinh doanh xuất nhập khẩu vật tư, thiết bị, vật liệu xây dựng và công nghệ xây dựng. Ngày 10/12/2019, IDC chính thức giao dịch trên Sở Giao dịch Chứng khoán Hà Nội (HNX).",Số 151 ter Nguyễn Đình Chiểu - P. 6 - Q. 3 - Tp. Hồ Chí Minh,http://www.idico.com.vn
IDJ,CTCP Đầu tư IDJ Việt Nam,Xây dựng và Bất động sản,"Công ty Cổ phần Đầu tư IDJ Việt Nam có tiền thân là Công ty Cổ phần Tài chính Quốc Tế và phát triển doanh nghiệp IDJ, được thành lập năm 2007 với số vốn điều lệ 149.6 tỷ đồng. Năm 2010, cổ phiếu của công ty được niêm yết và giao dịch trên sàn HNX. Công ty hoạt động chính trong các lĩnh vực Đầu tư xây dựng cơ sở hạ tầng; Tư vấn mua bán doanh nghiệp; Dịch vụ hỗ trợ phát triển doanh nghiệp; Lập và quản lý các dự án đầu tư xây dựng phát triển các khu đô thị, khu công nghiệp, khu dân cư, các công trình phục vụ giáo dục, y tế; Kinh doanh bất động sản. Công ty đã thực hiện được nhiều dự án thành công với sản phẩm cao cấp và mới mẻ: Trường Hà Nội Academy (Đủ 4 cấp học từ Mẫu giáo tới Trung học phổ thông), Dự án Grand Plaza có vị trí chiến lược trong quá trình phát triển của Hà Nội về phía tây, gần kề các khu vực dân cư và thương mại trọng yếu như Khu đô thị Trung Hòa - Nhân Chính, Trung tâm Hội nghị Quốc gia, Trung tâm Triển lãm Quốc gia, The Manor Hà Nội, khu đô thị Mỹ Đình và các dự án vệ tinh tương lai.",Tầng 3 Tòa nhà TTTM Grand Plaza Số 117 Trần Duy Hưng - P. Trung Hòa - Q. Cầu Giấy - Hà Nội,http://www.idjf.vn
IPA,CTCP Tập đoàn Đầu tư I.P.A,Tài chính và bảo hiểm,"Công ty Cổ phần Tập đoàn Đầu tư I.P.A (IPA), tiền thân là Công ty TNHH Đầu tư và Tài chính IPA, được thành lập năm 1998. Năm 2007, Cổ phần hóa và đổi tên thành Công ty Cổ phần Tập đoàn Đầu tư IPA, với số vốn điều lệ là 600 tỷ đồng. Công ty hoạt động chính trong 2 lĩnh vực: Dịch vụ tài chính cá nhân và Bán điện thương phẩm. Ngoài 2 ngành kinh doanh chính, Công ty hiện đang đầu tư vào các lĩnh vực: phát triển bất động sản, cung cấp giải pháp công nghệ và chế biến, khai thác khoáng sản. Năm 2021, IPA chính thức được niêm yết tại Sở Giao dịch Chứng khoán Hà Nội (HNX).",Số 1 Nguyễn Thượng Hiền - P. Nguyễn Du - Q. Hai Bà Trưng - Tp. Hà Nội,http://www.ipa.com.vn
ITQ,CTCP Tập đoàn Thiên Quang,Sản xuất sản phẩm kim loại tổng hợp,"Công ty Cổ phần Tập đoàn Thiên Quang được thành lập từ mô hình doanh nghiệp gia đình năm 2001 và được chuyển đổi thành công ty cổ phần tập đoàn Thiên Quang ngày 16/02/2007. Sau 15 năm thành lập, bằng những nỗ lực của tập thể cán bộ công nhân viên Thiên Quang đã tạo lên một Công ty cổ phần Tập đoàn Thiên Quang có tên tuổi trong ngành thép không gỉ, xốp và nhựa tại Việt Nam và nhiều nước trên thế giới.",Thôn An Lạc - X.Trưng Trắc - H.Văn Lâm - Hưng Yên,http://www.inoxthienquang.com.vn/
IVS,CTCP Chứng khoán Guotai Junan (Việt Nam),Tài chính và bảo hiểm,"Công ty Cổ phần Chứng khoán Guotai Junan Việt Nam tiền thân là Công ty Cổ phần Chứng khoán Đầu tư Việt Nam thành lập vào ngày 28/08/2007. Năm 2011, công ty chính thức niêm yết cổ phiếu tại Sở giao dịch chứng khoán Hà Nội (HNX). Hệ thống phần mềm giao dịch chứng khoán của IVS đã được nâng cấp thành A-Solution Version 2.00 từ đầu năm 2020 và đưa vào sử dụng từ quý III/2020. Đồng thời, IVS tiếp tục triển khai nâng cấp website bao gồm các công cụ đầu tư hiện đại và đa ngôn ngữ, nhằm phân tích và cung cấp dữ liệu doanh nghiệp một cách nhanh chóng và chính xác nhất. Điều này đã làm cho thị phần môi giới của IVS tăng lên, số lượng mở mới tài khoản trong nước tăng mạnh.",P9-10 - Tầng 1 - Charmvit Tower - 117 Trần Duy Hưng - Q. Cầu Giấy - Tp. Hà Nội,https://gtjai.com.vn/
KLF,CTCP Đầu tư Thương mại và Xuất nhập khẩu CFS,"Chợ, đại lý và môi giới bán buôn điện tử","Công ty Cổ phần Đầu tư Thương mại và Xuất nhập khẩu CFS (tiền thân là Công ty Cổ phần Dịch vụ Thương mại và Đầu tư Tân Mỹ Đình) được thành lập vào ngày 18/09/2009 với vốn điều lệ ban đầu là 5 tỷ đồng. Ngày 23/09/2013, cổ phiếu của Công ty được niêm yết và giao dịch trên sàn HNX với mã chứng khoán là KLF. Công ty hoạt động chính trong các lĩnh vực Hoạt động đại lý bán vé máy bay; Buôn bán vật liệu, thiết bị lắp đặt khác trong xây dựng; Đại lý du lịch, điều hành tour du lịch; Cung cấp dịch vụ ăn uống theo hợp đồng không thường xuyên với khách hàng. Trung tâm Dịch vụ hàng không của FLC Golbal hiện là đại lý cấp 1 của Việt Nam Airlines và Vietjet Air, là đại lý của 3 hãng hàng không trong nước và 39 hãng hàng không quốc tế. Trung tâm có phòng vé tại Hà Nội và TP HCM cùng với hệ thống 32 đại lý cấp 2 trên cả nước. Các khách hàng thường xuyên bao gồm: Hội sở VCB, BIDV, Bộ y tế.",Tầng 05 Tòa nhà FLC Landmark Tower - Lê Đức Thọ - P. Mỹ Đình 2 - Q. Nam Từ Liêm - Tp. Hà Nội,http://cfscorp.vn
KSF,CTCP Tập đoàn KSFinance,Xây dựng và Bất động sản,"KSF Group thành lập vào tháng 2/2021, hoạt động chính trong lĩnh vực đầu tư và phát triển dự án bất động sản; mở rộng hoạt động sang mảng Công nghệ - Tài chính với chiến lược trọng tâm là phát triển các dự án BĐS thương mại, văn phòng theo mô hình các Trung tâm tài chính 4.0. Ngoài ra, KSF Group tích cực gia tăng quỹ đất thông qua hình thức M&A, để tạo tiền đề cơ sở cho việc đẩy mạnh hoạt động kinh doanh phân phối các sản phẩm dự án BĐS.",Tầng 12 - Tòa nhà Sunshine Center - Số 16 - Đường Phạm Hùng - P. Mỹ Đình 2 - Q. Nam Từ Liêm - Tp. Hà Nội,https://ksf.vn/
KSQ,CTCP CNC Capital Việt Nam,Khai khoáng,"Công ty Cổ phần Khoáng sản Quang Anh tiền thân là Công ty TNHH Khoáng sản Quang Anh - thành lập và hoạt động hoạt động theo Giấy chứng nhận đăng ký kinh doanh số 0102026705 do Sở Kế hoạch và Đầu tư thành phố Hà Nội cấp đăng ký lần đầu ngày 09/6/2006, với các ngành nghề kinh doanh chủ yếu là đầu tư chế biến khoáng sản như đồng, chì kẽm, thiếc, đất hiếm, than cốc và que hàn công nghiệp.",A6 - BT5 KĐT Mỹ Đình 2 - đường Trần Văn Cẩn - P. Mỹ Đình 2 - Q. Nam Từ Liêm - Tp. Hà Nội,http://cnccapital.com.vn/
KVC,CTCP Sản xuất Xuất nhập khẩu Inox Kim Vĩ,Sản xuất sản phẩm kim loại tổng hợp,"CTCP Sản xuất Xuất Nhập khẩu Inox Kim Vĩ là doanh nghiệp thuộc lĩnh vực sản xuất thép không gỉ và xuất nhập khẩu các sản phẩm vật tư, phụ tùng liên quan đến ngành thép không gỉ. Với bề dày hoạt động lâu năm, công ty đã xây dựng được mạng lưới khách hàng trên toàn quốc, trong đó nhà sản xuất chiếm tỷ trọng 70% trong cơ cấu doanh thu và khách lẻ, đại lý chiếm 30%.",Số 117 Võ Văn Bích - Ấp 11 - X. Tân Thạnh Đông - H. Củ Chi - Tp. HCM,http://www.kimvico.com.vn
LAS,CTCP Supe Phốt phát và Hóa chất Lâm Thao,"Sản xuất hóa chất, dược phẩm","Ngày 24/06/1962, Công ty Cổ phần Supe Phốt phát và Hóa chất Lâm Thao, tiền thân là nhà máy Supe Phốt phát Lâm Thao, đi vào sản xuất. Ngày 01/03/2012, Công ty chính thức niêm yết trên Sở giao dịch chứng khoán Hà Nội (HNX). Công ty hoạt động chính trong các lĩnh vực Sản xuất và kinh doanh phân bón, hóa chất, điện, nước, xi măng, xăng dầu mỡ; Thiết kế xây dựng các công trình; thiết kế, chế tạo, lắp đặt các thiết bị, dây chuyền sản xuất hóa chất; Kinh doanh khách sạn, nhà hàng. Các công trình lớn mà công ty thực hiện đầu tư: Dự án đầu tư xây dựng dây chuyền sản xuất NPK số 4 công suất 150,000 tấn/năm, giá trị thực hiện 7,011 tỷ đồng; Dự án đầu tư hệ thống quan trắc khí thải tự động, liên tục (tại dây chuyền Axit số 1), giá trị thực hiện 4,753 tỷ đồng; Đầu tư mua sắm xe xúc lật giá trị thực hiện 2,017 tỷ đồng.",Khu Phương Lai 6 - TT.Lâm Thao - H.Lâm Thao - T.Phú Thọ,http://www.supelamthao.vn
LIG,CTCP Licogi 13,Xây dựng và Bất động sản,"CTCP Licogi 13 là đơn vị hàng đầu trong lĩnh vực san lấp mặt bằng và xử lý nền móng, hạ tầng kỹ thuật khu công nghiệp, khu đô thị. Bên cạnh đó, công ty cũng là một nhà thầu chuyên nghiệp thi công các công trình công nghiệp, dân dụng, thủy điện với nhiều dự án mang tầm cỡ quốc gia. Một số dự án nổi bật: Lăng Chủ tịch Hồ Chí Minh, Nhà ga T1 Sân bay quốc tế Nội Bài, nhà máy nhiệt điện Phả Lại, Trung tâm Hội nghị Quốc gia; Khu công nghiệp Thăng Long II: Phase 1&2; Công trình hạ tầng đô thị: Đường bao biển và hạ tầng khu đô thị Lán Bè - Cột 8 (TP. Hạ Long, Quảng Ninh); Công trình giao thông: Quốc lộ 18 Quảng Ninh, quốc lộ 1A (Khánh Hòa), quốc lộ 20 (Lâm Đồng); Công trình dân dụng: Khu nhà ở LICOGI 13, Tòa nhà hỗn hợp LICOGI13 TOWER, các tòa nhà của chủ đầu tư (Handico, Viwaseen, FLC...).",Tầng 4 - Licogi 13 tower - Số 164 - Đường Khuất Duy Tiến - P. Nhân Chính - Q. Thanh Xuân - Tp. Hà Nội,https://licogi13.com.vn/
MAC,CTCP Cung ứng và Dịch vụ Kỹ thuật Hàng Hải,Vận tải và kho bãi,"Công ty Cổ phần Cung ứng và Dịch vụ Kỹ thuật Hàng hải là Doanh nghiệp được thành lập theo Quyết định số 2375/QĐ-BGTVT ngày 14/08/2003 của Bộ trưởng Bộ Giao thông vận tải về việc chuyển doanh nghiệp Nhà nước Công ty Cung ứng và Dịch vụ Hàng hải I, trực thuộc Tổng Công ty Hàng hải Việt Nam thành Công ty cổ phần. Ngành nghề kinh doanh chủ yếu của Công ty là dịch vụ giao nhận hàng hóa, kê khai hải quan, hoạt động môi giới tàu biển, xuất nhập khẩu hàng hóa...",8A Đường Vạn Mỹ - P. Vạn Mỹ - Q. Ngô Quyền - Tp. Hải Phòng,http://www.maserco.com.vn
MBG,CTCP Tập đoàn MBG,"Sản xuất trang thiết bị, dụng cụ điện","Công ty Cổ phần Tập Đoàn MBG được thành lập năm 2007. Hoạt động sản xuất chính của công ty là sản xuất thiết bị chiếu sáng, thiết bị điện, thi công, thiết kế các công trình dân dụng, công nghiệp, cơ điện, kinh doanh vật liệu xây dựng, trang thiết bị y tế. Công ty hiện tại đã cho ra mắt thị trường bóng đèn, thiết bị điện và sơn mang thương hiệu MAXXBAU. Sản phẩm của công ty còn được xuất khẩu sang Mỹ, Lào, và Campuchia. Năm 2015, MBG chính thức được niêm yết tại Sở Giao dịch Chứng khoán Hà Nội (HNX).",Số nhà 906 Nguyễn Khoái - Tổ 10 - P. Thanh Trì - Q. Hoàng Mai - Tp. Hà Nội,http://mbg.vn/
MBS,CTCP Chứng khoán MB,Tài chính và bảo hiểm,"Công ty Cổ phần Chứng khoán MB (MBS) có tiền thân là Công ty Chứng khoán Thăng Long được thành lập từ năm 2000 bởi Ngân hàng Thương mại cổ phần Quân đội (MB). MBS là một trong 5 công ty chứng khoán đầu tiên tại Việt Nam. Các lĩnh vực kinh doanh chính của công ty bao gồm dịch vụ chứng khoán, dịch vụ nghiên cứu và dịch vụ ngân hàng đầu tư. MBS được niêm yết trên Sở Giao dịch Chứng khoán Hà Nội (HNX) từ năm 2016.",21 Cát Linh - Q. Đống Đa - Tp. Hà Nội,http://www.mbs.com.vn
MCO,CTCP Đầu tư và Xây dựng BDC Việt Nam,Xây dựng và Bất động sản,"Công ty cổ phần đầu tư và xây dựng BDC Việt Nam có tiền thân là Công trường 1 được thành lập năm 1997 trực thuộc Tổng công ty xây dựng đường thuỷ. Ngành nghề kinh doanh: xây dựng các công trình giao thông trong và ngoài nước; xây dựng công trình công nghiệp, dân dụng, thủy lợi, đường điện; khai thác, kinh doanh đá, vật liệu xây dựng...",Số 6 - ngõ 180 Thái Thịnh - Q.Đống Đa - Tp.Hà Nội,http://www.mcovietnam.com.vn
MST,CTCP Đầu tư MST,Xây dựng và Bất động sản,"Công ty Cổ phần Đầu tư MST được thành lập ngày 18/06/2009 với vốn điều lệ ban đầu là 10 tỷ đồng. Năm 2016, cổ phiếu công ty giao dịch trên Sở Giao dịch Chứng khoán Hà Nội (HNX). Lĩnh vực kinh doanh: Xây dựng công trình đường sắt, đường bộ; Bán buôn vật liệu, thiết bị lắp đặt khác trong xây dựng. Một số công trình tiêu biểu Công ty đã tham gia thi công xây lắp: Công trình thi công cầu ORB05 tại gói thầu xây lắp số 4 (Km 21 + 500 - Km32 + 600) thuộc Dự án Đường cao tốc Đà Nẵng - Quảng Ngãi, Gói thầu số 08 đường giao thông Sốp Cộp - Púng Bánh, Xây dựng cơ sở hạ tầng khu mỏ Suối Dền - Đại Từ - Thái Nguyên, Xây dựng khách sạn 3 sao tại quận 2 - Thành phố Hồ Chí Minh, Công trình cầu ORB05 tại gói thầu xây lắp số 4 (Km 21 + 500 - Km 32 +600) thuộc Dự án đường cao tốc Đà Nẵng - Quảng Ngãi, Gói thầu 02-HP2-XL xây dựng nút giao thông Cầu Giấy thuộc dự án phát triển giao thông đô thị Hà Nội.",Ngõ 159 Phố Tây Sơn - TT. Phùng - H. Đan Phượng - Tp. Hà Nội,http://mmst.vn
NAG,CTCP Tập đoàn Nagakawa,"Sản xuất thiết bị, máy móc","Tập đoàn Nagakawa – Tiền thân là Công ty liên doanh Nagakawa Việt Nam, tên giao dịch NAGAKAWA VIETNAM JOINT VENTURE COMPANY. Được thành lập từ năm 2002, Tập đoàn Nagakawa là tập đoàn kinh tế tư nhân đa ngành, hoạt động trong lĩnh vực điện lạnh, gia dụng và thiết bị nhà bếp cao cấp thương hiệu Nagakawa. Gần 20 năm hình thành và phát triển, với định hướng “lấy khách hàng làm trung tâm”, Tập đoàn Nagakawa luôn nỗ lực phát triển sản phẩm có chất lượng nhất, với mức giá hợp lý nhất, mang lại sự an tâm trọn vẹn cho người tiêu dùng, góp phần nâng tầm cuộc sống mỗi gia đình Việt.",Khu 9 - P. Phúc Thắng - Tx. Phúc Yên - T. Vĩnh Phúc,http://nagakawa.com.vn
NBC,CTCP Than Núi Béo - Vinacomin,Khai khoáng,"Công ty Cổ phần Than Núi Béo (NBC), tiền thân là Mỏ Than Núi Béo thành lập năm 1988. Năm 2006 chuyển sang hoạt động theo mô hình cổ phần. Hoạt động kinh doanh chính của NBC là khai thác than. Sản phẩm than được chia làm hai loại than nguyên khai và than sạch. Hiện nay công ty có 01 Nhà máy trực thuộc (Nhà máy Cơ khí Hòn Gai). Ngày 27/12/2006, NBC chính thức giao dịch trên Sở Giao dịch chứng khoán Hà Nội (HNX).",Số 799 Lê Thánh Tông - Tp.Hạ Long - T.Quảng Ninh,http://www.nuibeo.com.vn
NDN,CTCP Đầu tư Phát triển Nhà Đà Nẵng,Xây dựng và Bất động sản,"Công ty Đầu tư Phát triển Nhà Đà Nẵng tiền thân là Công ty Sửa chữa Nhà Đà Nẵng được thành lập ngày 05/11/1992. Năm 2010, công ty chính thức hoạt động theo mô hình công ty cổ phần với vốn điều lệ là 90 tỷ đồng. Năm 2011, niêm yết và giao dịch 9 triệu cổ phiếu trên Sở giao dịch Chứng khoán Hà Nội (HNX). Công ty hoạt động với nhiều ngành nghề kinh doanh đa dạng như Xây dựng công trình dân dụng, công nghiệp, giao thông, thủy lợi, thủy điện cầu cảng. Xây dựng công trình hạ tầng kỹ thuật đô thị, khu công nghiệp; Xây dựng công trình điện từ 110 KV trở xuống. Xây dựng công trình cấp thoát nước đô thị. Xây dựng công trình bưu chính viễn thông; Sản xuất kinh doanh vật liệu xây dựng. Khai thác chế biến khoáng sản; Kinh doanh bất động sản.Kinh doanh hàng tư liệu sản xuất và tư liệu tiêu dùng...",Số 38 Nguyễn Chí Thanh - P. Thạch Thang - Q. Hải Châu - Tp. Đà Nẵng,http://www.ndn.com.vn
NDX,CTCP Xây lắp Phát triển Nhà Đà Nẵng,Xây dựng và Bất động sản,"CTCP Xây lắp Phát triển Đà Nẵng (NDX) là đơn vị được hình thành từ Xí nghiệp Công trình Giao thông và Xây dựng trực thuộc Công ty Đầu tư Phát triển Nhà Đà Nẵng thực hiện cổ phần hóa vào năm 2008 với số vốn điều lệ ban đầu là 25 tỷ đồng. Hiện tại, Công ty đang tập trung vào 3 lĩnh vực chính: thi công xây dựng, sản xuất vật liệu xây dựng, bất động sản, trong đó doanh thu từ hoạt động thi công xây dựng chiếm tỷ trọng lớn nhất trong cơ cấu doanh thu của Công ty. NDX là đơn vị có nhiều kinh nghiệm trong lĩnh vực thi công nhà cao tầng từ Khu chung cư thu nhập thấp 5-7 tầng đến các chung cư cao cấp tại thành phố Đà nẵng: DaNang Plaza, LaPaz Tower. Ngày 17/07/2013, NDX chính thức giao dịch trên Sở Giao dịch Chứng khoán Hà Nội (HNX).",31 Núi Thành - P. Hòa Thuận Đông - Q. Hải Châu - Tp. Đà Nẵng,http://ndx.com.vn/
NRC,CTCP Tập Đoàn Danh Khôi,Xây dựng và Bất động sản,"Công ty Cổ phần Tập đoàn Danh Khôi (NRC) có tiền thân là Công ty Cổ phần Thông tin Bất động sản Netland được thành lập vào năm 2014. Công ty hoạt động chính trong lĩnh vực hợp tác đầu tư các dự án bất động sản và môi giới bất động sản. Năm 2017, NRC mua lại Công ty Cổ phần Bất động sản Danh Khôi để đẩy mạnh phát triển mảng kinh doanh môi giới bất động sản. NRC được niêm yết và giao dịch trên Sở Giao dịch Chứng khoán Hà Nội (HNX) từ đầu năm 2018.",Số 3 - Đường Trần Nhật Duật - P. Tân Định - Q. 1 - Tp. Hồ Chí Minh,https://danhkhoi.com.vn/
NSH,CTCP Nhôm Sông Hồng,Sản xuất các sản phẩm kim loại cơ bản,"CTCP Nhôm sông Hồng là một trong những doanh nghiệp lớn nhất Việt Nam trong lĩnh vực sản xuất nhôm thanh định hình. Công ty có nhà máy với tổng diện tích lên đến 7ha, trang thiết bị đồng bộ và được nhập khẩu từ các quốc gia tiên tiến với sản lượng 16,000 tấn/năm.",Phố Hồng Hà - P. Bến Gót - Tp. Việt Trì - T. Phú Thọ,http://www.shalumi.com.vn
NTP,CTCP Nhựa Thiếu niên Tiền Phong,Sản xuất các sản phẩm nhựa và cao su,"Công ty CP Nhựa Tiền Phong tiền thân là Nhà máy Nhựa Thiếu niên Tiền Phong, được thành lập từ năm 1960 với quy mô gồm 04 nhà xưởng chính. Năm 2006, cổ phiếu công ty chính thức giao dịch trên Sở Giao dịch Chứng khoán Hà Nội (HNX). Công ty hoạt động chính trong các lĩnh vực Sản xuất kinh doanh các sản phẩm nhựa dân dụng; Sản xuất kinh doanh các sản phẩm nhựa phục vụ cho ngành xây dựng, công nghiệp, nông nghiệp, ngư nghiệp, giao thông vận tải; Xây dựng công trình công nghiệp, giao thông, thủy lợi. Các chủng loại sản phẩm ống nhựa PVC, PEHD, PPR mang thương hiệu Nhựa Tiền Phong đã được sử dụng trong các ngành xây dựng, công nghiệp, nông nghiệp không chỉ tại Việt Nam mà còn tại thị trường nước ngoài như Lào, New Zealand, Hồng Kong... Do vậy, công ty đã đăng ký bảo hộ nhãn hiệu hàng hóa tại 5 nước: Trung Quốc, Lào, Thái Lan, Campuchia và Myanmar.",Số 2 An Đà - P.Lạch Tray - Q.Ngô Quyền - Tp.Hải Phòng,http://www.nhuatienphong.vn
NVB,Ngân hàng TMCP Quốc Dân,Tài chính và bảo hiểm,"Ngân hàng Thương mại cổ phần Quốc Dân được thành lập từ năm 1995, từ một ngân hàng nông thôn, NCB đã chuyển đổi quy mô thành ngân hàng đô thị. Năm 2010, cổ phiếu của ngân hàng được niêm yết và giao dịch trên sở Giao dịch Chứng khoán Hà Nội (HNX). Các khách hàng của NVB là những khách hàng lớn, chiến lược có tiềm lực tài chính vững mạnh như Tập đoàn Dệt may Việt Nam, Công ty Cổ phần Đại lý Liên hiệp Vận chuyển, Công ty Cổ phần Năng lượng Sài Gòn - Bình Định.",Số 28C-28D phố Bà Triệu - P. Hàng Bài - Q. Hoàn Kiếm - Tp. Hà Nội,http://www.ncb-bank.vn
OCH,CTCP Khách sạn và Dịch vụ OCH,Dịch vụ lưu trú và ăn uống,"Tháng 07/2006: Tiền thân là Công ty Cổ phần Xây dựng - Thương mại Bảo Long được thành lập, vốn điều lệ ban đầu là 10 tỷ đồng. Năm 2009, công ty được tái cấu trúc và trở thành công ty con của Công ty Cổ phần Tập đoàn Đại Dương (OGC), đổi tên thành Công ty Cổ phần Khách sạn và Du lịch Đại Dương và tăng vốn lên 530 tỷ đồng. Ngày 01/10/2010, chính thức giao dịch trên Sở Giao dịch Chứng khoán Hà Nội (HNX). Đến năm 2020, đổi tên thành Công ty Cổ phần Khách sạn và Dịch vụ OCH.",Tầng 3 - tòa nhà VNT Số 19 đường Nguyễn Trãi - P. Khương Trung - Q. Thanh Xuân - Tp. Hà Nội,http://och.vn/lien-he/
PCG,CTCP Đầu tư Phát triển Gas Đô thị,Phân phối khí đốt thiên nhiên,"CTCP Đầu tư phát triển Gas đô thị, công ty con của Tổng công ty Khí Việt Nam, có hoạt động chính là kinh doanh các sản phẩm gas chỉ dành cho tiêu thụ nội địa tại Việt Nam, không có hoạt động xuất khẩu. Đối tác chiến lược của công ty là ENN - XinAo đến từ Trung Quốc đã lựa chọn chế độ quản lý tiên tiến và tiến hành chuyển giao công nghệ cho công ty, hỗ trợ phát triển hoạt động kinh doanh. Đến hiện tại, PVGASCITY đã thi công, cung cấp LPG qua đường ống cho trên 15,000 khách hàng dân dụng tại các đô thị lớn và quản lý vận hành hơn 50 hệ thống gas trung tâm trên toàn quốc.",Tầng 4 - Số 167 Trung Kính - P. Yên Hòa - Q. Cầu Giấy - Tp. Hà Nội,http://www.pvgascity.com.vn
PHP,CTCP Cảng Hải Phòng,Vận tải và kho bãi,"Công ty Cổ phần Cảng Hải Phòng là một xí nghiệp do Ngành vận tải thủy phụ trách và quản lý. Năm 2014, Cảng Hải Phòng chuyển sang hoạt động theo mô hình Công ty cổ phần với ngành nghề kinh doanh chính bao gồm bốc xếp hàng hóa, hoạt động dịch vụ hỗ trợ vận tải: môi giới tàu biển, đại lý tàu biển, đại lý vận tải đường biển, dịch vụ lai dắt và hỗ trợ tàu, kho bãi và lưu trữ hàng hóa. PHP hiện có 03 cảng chính: Hoàng Diệu, Chùa Vẽ và Tân Vũ với tổng diện tích khoảng 2.1 triệu km2 và có cầu tàu dài nhất (21 cầu tàu) với tổng chiều dài gần 4,000m. Toàn cảng hiện có 19 cầu tàu với tổng chiều dài là 3,567m, bảo đảm an toàn với độ sâu trước bến thiết kế từ -7.5 m đến -9.4m. Năm 2015, PHP chính thức giao dịch trên Sở Giao dịch Chứng khoán Hà Nội (HNX).",8A Trần Phú - P. Máy Tơ - Q.Ngô Quyền - Tp.Hải Phòng - Việt Nam,http://haiphongport.com.vn
PLC,Tổng Công ty Hóa dầu Petrolimex - CTCP,Sản xuất xăng dầu và than đá,"Tổng công ty Hóa dầu Petrolimex - CTCP tiền thân là Công ty Dầu nhờn, được thành lập ngày 09/06/1994. Ngày 27/12/2006, cổ phiếu của Công ty được giao dịch trên sàn HNX với mã chứng khoán là PLC. Trải qua nhiều năm hoạt động sản xuất kinh doanh, hiện nay, vốn điều lệ của Tổng công ty PLC đã đạt mức 807,988 tỷ đồng, trong đó Petrolimex sở hữu 79.07% vốn điều lệ. Công ty là doanh nghiệp nội địa đầu tiên tại Việt Nam kinh doanh chuyên ngành các sản phẩm hóa dầu bao gồm: dầu nhớt, nhựa đường, hóa chất.",Tầng 18 & 19 - 229 Tây Sơn - P.Ngã Tư Sở - Q.Đống Đa - Tp.Hà Nội,http://www.plc.petrolimex.com.vn
PSD,CTCP Dịch vụ Phân phối Tổng hợp Dầu khí,"Bán buôn các mặt hàng điện, điện tử","Công ty Cổ phần Dịch vụ Phân phối Tổng hợp Dầu khí (PSD), tiền thân là Chi nhánh Xí nghiệp Viễn thông Dầu khí, được thành lập vào năm 2011. Năm 2011, Công ty chuyển đổi mô hình kinh doanh hoạt động là Công ty Cổ phần với số vốn điều lệ ban đầu là 120 tỷ đồng. Ngành nghề kinh doanh chính của công ty là phân phối điện thoại di động, máy tính, phụ kiện và đồ chơi thông minh. Hiện nay công ty đã đưa sản phẩm đến khắp các tỉnh thành trong cả nước. Là đơn vị thành viên của Tổng Công ty Cổ phần dịch vụ Tổng hợp Dầu khí, do đó PSD luôn nhận được sự hỗ trợ về vốn, chiến lược kinh doanh, bạn hàng từ phía Tổng Công ty. Ngày 28/06/2013, PSD chính thức giao dịch trên sàn giao dịch chứng khoán Hà Nội (HNX).",P. 207 Tòa nhà PetroVietnam - 01–05 Lê Duẩn - P. Bến Nghé - Q.1 - Tp.HCM,http://www.psd.com.vn
PSI,CTCP Chứng khoán Dầu khí,Tài chính và bảo hiểm,"Công ty Cổ phần Chứng khoán Dầu khí được thành lập năm 2006 với số vốn điều lệ ban đầu là 150 tỷ đồng. Công ty hoạt động chính trong lĩnh vực môi giới chứng khoán, tự doanh chứng khoán, tư vấn đầu tư, tư vấn tài chính, lưu ký chứng khoán và bảo lãnh phát hành chứng khoán. PSI được giao dịch trên Sở Giao dịch Chứng khoán Hà Nội (HNX) từ tháng 07/2010.",Tầng 2 TN HanoiTourist - 18 Lý Thường Kiệt - Q.Hoàn Kiếm - Tp.Hà Nội,https://www.psi.vn/
PV2,CTCP Đầu tư PV2,Xây dựng và Bất động sản,"CTCP Đầu tư PV2, thành viên của Tập đoàn Dầu khí Quốc gia Việt Nam, hoạt động trong lĩnh vực đầu tư bất động sản, đầu tư tài chính và kinh doanh dịch vụ. Trong đó, bất động sản là ngành thế mạnh, được công ty chú trọng với một số dự án tiêu biểu như: Dự án Nhà ở xã hội tại Nhơn Trạch - Đồng Nai, Dự án nhà ở Cán bộ công nhân viên Nhà máy lọc dầu Dung Quất, Dự án Tòa nhà chức năng hỗn hợp tại khu đô thị Nam Trung Yên...",Số 1 Phạm Văn Bạch - P. Yên Hòa - Q. Cầu Giấy - Tp. Hà Nội,http://www.pv2.com.vn
PVC,Tổng Công ty Hóa chất và Dịch vụ Dầu khí - CTCP,Khai khoáng,"Tổng Công ty Hóa chất và Dịch vụ Dầu khí được thành lập ngày 8/3/1990 của Tổng cục Dầu khí (nay là Tập đoàn Dầu khí Quốc Gia Việt Nam). Ngày 15/11/2007, cổ phiếu của Công ty chính thức được giao dịch trên Sở Giao dịch Chứng khoán Hà Nội (HNX) với mã chứng khoán là PVC. Tổng Công ty Hóa chất và Dịch vụ Dầu khí là đơn vị cung ứng hóa chất và dịch vụ khoan độc quyền cho các doanh nghiệp dầu khí ở Việt Nam; đồng thời dẫn đầu trong hoạt động cung cấp dịch vụ hóa kỹ thuật cho các doanh nghiệp trong và ngoài ngành dầu khí. Thị trường hoạt động chính của PVC trong nước là Hà Nội, Hải Phòng, Quảng Ngãi, TP. Hồ Chí Minh và Bà Rịa - Vũng Tàu. Thị trường xuất khẩu của công ty tập trung ở khu vực châu Á - Thái Bình Dương, Trung Đông và Trung Mỹ.",Tầng 6 Tòa nhà Viện Dầu khí Việt Nam Số 167 phố Trung Kính - P. Yên Hòa - Q. Cầu Giấy - Tp. Hà Nội,http://pvchem.com.vn
PVG,CTCP Kinh doanh LPG Việt Nam,Phân phối khí đốt thiên nhiên,"CTCP Kinh doanh LPG Việt Nam là một thành viên của Tập đoàn Dầu khí Việt Nam, có hoạt động sản xuất kinh doanh trải dài từ Đà Nẵng trở ra các tỉnh phía Bắc với 12 chi nhánh và 1 chi nhánh ở TP. Hồ Chí Minh. Công ty sử dụng hệ thống tổng kho với sức chứa lớn, gồm: Tổng kho khí hóa lỏng Hải Phòng (1,108 tấn), Tổng kho khí hóa lỏng miền Bắc (3,000 tấn), Tổng kho khí hóa lỏng Bắc Trung Bộ tại Vũng Áng (Hà Tĩnh) và Tổng kho sản phẩm dầu khí Đà Nẵng.",Tầng 11 - Tòa nhà Viện Dầu Khí - Số 167 Trung Kính - P. Yên Hòa - Q. Cầu Giấy - Tp. Hà Nội,http://www.pvgaslpg.vn
PVI,CTCP PVI,Tài chính và bảo hiểm,"Thành lập năm 1996, đến năm 2006, PVI là một trong những doanh nghiệp đầu tiên tại Việt Nam thực hiện cổ phần hóa trở thành Tổng công ty Cổ phần Bảo hiểm Dầu khí Việt Nam và niêm yết trên sàn chứng khoán năm 2007 với mã chứng khoán PVI. Tháng 8/2011, PVI đã tiếp tục thực hiện tái cấu trúc theo mô hình công ty mẹ - công ty con. Sản phẩm dịch vụ chính của PVI bao gồm Kinh doanh bảo hiểm phi nhân thọ: bảo hiểm năng lượng, bảo hiểm hàng hải, bảo hiểm kỹ thuật, bảo hiểm tài sản, bảo hiểm trách nhiệm, bảo hiểm hàng không, bảo hiểm con người, bảo hiểm xe cơ giới, bảo hiểm y tế tự nguyện; Kinh doanh tái bảo hiểm; Kinh doanh bảo hiểm nhân thọ; Hoạt động đầu tư tài chính; Đầu tư kinh doanh bất động sản.",Tòa nhà PVI - Lô VP2 phố Phạm Văn Bạch - P. Yên Hòa - Q. Cầu Giấy - Tp. Hà Nội,http://www.pvi.com.vn
PVL,CTCP Đầu tư Nhà Đất Việt,Xây dựng và Bất động sản,"Công ty Cổ phần Đầu tư Nhà Đất Việt (PVL), tiền thân là Công ty Cổ phần Bất động sản Điện lực Dầu khí Việt Nam được thành lập năm 2007. Công ty hoạt động trong lĩnh vực kinh doanh bất động sản. Công ty là thành viên của Tổng Công ty Điện lực Dầu khí Việt Nam. Ngoài ra, công ty còn nhận được sự hỗ trợ từ phía các cổ đông sáng lập là Tổng Công ty Phong Phú, Công ty Cổ phần Đầu tư Phát triển Đô thị và Khu công nghiệp Sông Đà. Ngày 15/04/2010, PVL chính thức giao dịch trên Sở Giao dịch Chứng khoán Hà Nội (HNX).",Tầng 3 - Tòa nhà CEO - Phạm Hùng - X.Mễ Trì - H.Nam Từ Liêm - Tp.Hà Nội,http://www.vpr.vn
PVS,Tổng Công ty cổ phần Dịch vụ Kỹ thuật Dầu khí Việt Nam,Khai khoáng,"Tổng công ty Cổ phần Dịch vụ Kỹ thuật Dầu khí Việt Nam (PTSC) được thành lập từ tháng 2/1993. Lĩnh vực hoạt động chính của PTSC là cung cấp các dịch vụ kỹ thuật cho dầu khí, công nghiệp. Trong đó, có nhiều loại hình dịch vụ chiến lược, mang tính chất mũi nhọn, đã phát triển và được chuyên nghiệp hóa đạt trình độ quốc tế như: EPCI công trình biển; EPC công trình công nghiệp; Kho nổi xử lý và xuất dầu thô FSO/FPSO; Tàu dịch vụ; Khảo sát địa chấn, địa chất và công trình ngầm; Lắp đặt, vận hành và bảo dưỡng công trình biển; Cảng dịch vụ và Dịch vụ cung cấp nhân lực kỹ thuật, bảo vệ và vật tư thiết bị dầu khí, dịch vụ khách sạn, văn phòng …",Lầu 5 - PetroVietnamTower - Số 1-5 Lê Duẩn - P.Bến Nghé - Q.1 - Tp.HCM,http://www.ptsc.com.vn
S99,CTCP SCI,Xây dựng và Bất động sản,"Năm 1998, Công ty Cổ phần Sông Đà 9.09 tiền thân là Xí nghiệp Sông Đà 903 trực thuộc Công ty Sông Đà 9, được thành lập. Năm 2006, cổ phiếu công ty chính thức được niêm yết trên HNX. Các lĩnh vực kinh doanh chính của công ty bao gồm Xây dựng các công trình dân dụng, công nghiệp, giao thông, thủy lợi, thủy điện, hạ tầng kỹ thuật, đường dây và trạm biến thế điện; Sản xuất, kinh doanh vật liệu xây dựng bao gồm gạch, ngói, đất, cát sỏi, xi măng dùng trong xây dựng; Các hoạt động khác theo giấy phép kinh doanh. Công ty đã đảm nhận thi công nhiều công trình công nghiệp và dân dụng trên khắp cả nước như xây dựng nhà máy thủy điện Lai Châu, Sơn La, Tuyên Quang, Sê San 3, công trình đường Hồ Chí Minh, Quốc lộ 1A.",Tầng 3 tháp C - TN Golden Palace - Mễ trì - Q.Nam Từ Liêm - TP.Hà Nội,http://www.sci.pro.vn
SCG,CTCP Xây dựng SCG,Xây dựng và Bất động sản,"Công ty Cổ phần Xây dựng SCG (SCG) được thành lập vào năm 2019. Công ty hoạt động chính trong lĩnh vực thi công xây lắp các công trình xây dựng dân dụng và công nghiệp, các công trình hạ tầng. SCG trở thành công ty đại chúng từ tháng 10/2020. SCG đã thực hiện thi công các dự án tiêu biểu như: Dự án Sunshine City Sài Gòn, Dự án Sunshine Golden River, Dự án Sunshine Diamond River, Dự án Sunshine Crystal River, Dự án Sunshine Horizon và Dự án Sunshine Empire. SCG chính thức được giao dịch tại Sở Giao dịch Chứng khoán Hà Nội (HNX) từ ngày 25/10/2021.",Tầng 8 - Toà nhà Sunshine Center - Số 16 - Đường Phạm Hùng - P. Mỹ Đình 2 - Q. Nam Từ Liêm - Tp. Hà Nội,https://scgr.vn/
SCI,CTCP SCI E&C,Xây dựng và Bất động sản,"Năm 2010, Công ty TNHH Một thành viên Cơ khí và Sửa chữa Sông Đà 9 được thành lập. Năm 2014, cổ phiếu của Công ty được giao dịch trên sàn UPCoM. Công ty hoạt động chính trong các lĩnh vực như Xây lắp thi công cơ giới các công trình thủy điện và thủy lợi, giao thông và hạ tầng kỹ thuật; Xây dựng các công trình công nghiệp: Nhà máy lọc dầu, xưởng hóa chất, xây dựng các công trình nhà cửa, đường thủy, bến cảng và các công trình trên sông..., Xây dựng công trình đường sắt và đường bộ; Phá dỡ, chuẩn bị mặt bằng. Các dự án công ty đã thực hiện như Dự án phát triển giao thông vận tải khu vực đồng bằng Bắc Bộ, Dự án nâng cấp mở rộng Quốc lộ 1A - đoạn Phú Yên; Dự án nhà máy thủy điện Lai Châu, Dự án nhà máy thủy điện Trung Sơn; Dự án nhiệt điện Vũng Áng, Dự án thủy điện Hủa Na, Nhà máy nhiệt điện Long Phú; Dự án khai thác mỏ Núi Pháo.",Tầng 3 tháp C - Tòa nhà Golden Palace - Đường Mễ Trì - P. Mễ Trì - Q. Nam Từ Liêm - TP. Hà Nội,http://sci-enc.com
SD5,CTCP Sông Đà 5,Xây dựng và Bất động sản,"Công ty Cổ phần Sông Đà 5 (SD5), tiền thân là Công ty Xây dựng Thuỷ điện Vĩnh Sơn được thành lập năm 1990. Năm 2004, Công ty chuyển đổi mô hình kinh doanh hoạt động là Công ty Cổ phần với số vốn điều lệ ban đầu là 22 tỷ đồng. Vốn điều lệ hiện nay của Công ty là 259 tỷ đồng. Hoạt động chính của công ty là xây dựng các công trình thủy điện, nhiệt điện và giao thông. Công ty là doanh nghiệp dẫn đầu trong lĩnh vực xây lắp và thi công các dự án thủy điện lớn, chiếm ưu thế vượt trội về năng lực và thương hiệu so với các công ty khác cùng ngành. Công ty được tham gia nhiều công trình lớn trọng điểm do Tổng Công ty Sông Đà làm tổng thầu. SD5 đã tham gia xây dựng nhiều công trình thủy điện lớn như thủy điện Sơn La, thủy điện Tuyên Quang, Hủa Na, Lai Châu; Dự án thủy điện Bắc Mê (45MW); Dự án Thủy điện Bảo Lâm 3 (46MW)... Ngày 13/12/2006, SD5 chính thức giao dịch trên Sở Giao dịch Chứng khoán Hà Nội (HNX).",Tầng 5 Tháp B - Tòa nhà HH4 Sông Đà Mỹ Đình - H.Từ Liêm - Tp.Hà Nội,http://www.songda5.com.vn
SD6,CTCP Sông Đà 6,Xây dựng và Bất động sản,"Công ty Cổ phần Sông Đà 6 là đơn vị thành viên của Tổng công ty Sông Đà - Bộ Xây dựng, tiền thân là Công ty Xây dựng Thuỷ công được thành lập ngày 12/4/1983. Ngành nghề kinh doanh: khai thác đá, cát, sỏi, đất sét; sản xuất điện; xuất nhập khẩu vật tư, nguyên liệu, thiết bị cơ khí; sản xuất kinh doanh vật tư, vật liệu xây dựng, cấu kiện bê tông; xây dựng công trình thủy điện, dân dụng, công nghiệp, giao thông thủy lợi...",Tầng 1 và tầng 2 - Tòa nhà TM - Khu đô thị Văn Khê - P. La Khê - Q. Hà Đông - Tp. Hà Nội,http://www.songda6.com.vn
SD9,CTCP Sông Đà 9,Xây dựng và Bất động sản,"Công ty cổ phần Sông Đà 9 được thành lập ngày 20/7/1960, tiền thân là Liên trạm cơ giới tại công trình thủy điện Thác Bà. Năm 2006, cổ phiếu công ty giao dịch trên Sở Giao dịch Chứng khoán Hà Nội (HNX). Ngành nghề kinh doanh chính bao gồm Tổng thầu xây dựng, tổng thầu EPC các công trình hạ tầng kỹ thuật (thủy điện, thủy lợi, giao thông, mỏ...) bằng cơ giới tên toàn lãnh thổ Việt Nam. Thương hiệu Sông Đà 9 đã được khẳng định ở trong nước và khu vực bằng chất lượng, tiến độ qua nhiều công trình lớn mang tầm vóc thế kỷ: nhà máy thủy điện Thác Bà, Hòa Bình, Yaly, Vĩnh Sơn, Sông Hinh, Tuyên Quang, Sơn La, Xêlabăm, Xêkaman3; đường dây 500KV Bắc - Nam; đường Hồ Chí Minh, đường quốc lộ 1A (đoạn Thường Tín - Cầu Giẽ, Hà Nội - Lạng Sơn) và nay là các công trình: Thủy điện Lai Châu; Thủy điện Huội Quảng, thủy điện Hủa Na; Đường cao tốc Nội Bài - Lào Cai, Xây dựng hạ tầng mỏ đa kim Núi Pháo - Thái Nguyên.",Tòa nhà Sông Đà 9 - Đường Phạm Hùng - P.Mỹ Đình 2 - Q. Nam Từ Liêm - Tp.Hà Nội,http://www.songda9.com
SDA,CTCP Simco Sông Đà,Dịch vụ hành chính và hỗ trợ,"Công ty cổ phần SIMCO Sông Đà tiền thân là Trung tâm Hợp tác lao động nước ngoài Sông Đà được thành lập vào ngày 01/11/1997 trực thuộc Tổng công ty Sông Đà. Sau gần 20 năm xây dựng và phát triển, SIMCO Sông Đà khẳng định được thương hiệu và vị thế của mình với các đối tác trong và ngoài nước trên các lĩnh vực: Đào tạo và xuất khẩu lao động, Đầu tư và Thi công xây lắp các công trình dân dụng, công nghiệp, Khai thác và chế biến khoáng sản.",Tòa nhà SIMCO Sông Đà - KĐT Vạn Phúc - Q.Hà Đông - Tp.Hà Nội,http://www.simco.vn
SHS,CTCP Chứng khoán Sài Gòn - Hà Nội,Tài chính và bảo hiểm,"CTCP Chứng khoán Sài Gòn - Hà Nội (SHS) được chính thức thành lập ngày 15/11/2007 với số vốn điều lệ ban đầu là 350 tỷ đồng. Năm 2008, Công ty trở thành thành viên chính thức của Sở giao dịch chứng khoán Thành phố Hồ Chí Minh (HOSE) và Trung tâm giao dịch Chứng khoán Hà Nội. Năm 2009, cổ phiếu của công ty chính thức được niêm yết trên Sở Giao dịch Chứng khoán Hà Nội (HNX). Các lĩnh vực hoạt động của công ty: môi giới chứng khoán, lưu ký và quản lý chứng khoán, đầu tư chứng khoán, phân tích và tư vấn đầu tư, bảo lãnh phát hành, tư vấn tài chính, dịch vụ tài chính. SHS có địa bàn hoạt động trên toàn bộ lãnh thổ Việt Nam.",Tầng 1-5 Tòa nhà Unimex Hà Nội số 41 Ngô Quyền - P. Hàng Bài - Q. Hoàn Kiếm - Tp. Hà Nội,http://www.shs.com.vn
SPI,CTCP Spiral Galaxy,Khai khoáng,"Công ty cổ phần Đá Spilít được thành lập vào ngày 13/04/2009. Công ty hoạt động trong lĩnh vực khai thác quặng kim loại màu, khai thác các loại khoáng sản, dịch vụ khoan nổ mìn, khai thác đá, sản xuất đá xẻ và hoàn thiện đá xẻ.",Phòng 8A - Lầu 9 - Tòa nhà Vincom Center - 72 Lê Thánh Tôn - P. Bến Nghé - Q.1 - Tp. HCM,http://spigroup.vn
SRA,CTCP Sara Việt Nam,"Bán buôn máy móc, thiết bị và vật tư","Công ty Cổ phần SARA Việt Nam tiền thân là Trung tâm Đào tạo và phát triển Công nghệ thông tin SARACENTER được thành lập vào ngày 12/04/2004. Lĩnh vực kinh doanh chính của Công ty là buôn bán điện tử, tin học, thiết bị vật tư, phương tiện vận tải và hàng may mặc; sản xuất, buôn bán vật liệu xây dựng và hàng trang trí nội thất, sản xuất phần mềm vi tính, các hoạt động khác theo giấy phép kinh doanh. Ngày 18/01/2008, cổ phiếu của Công ty được niêm yết và giao dịch trên Sở Giao dịch Chứng khoán Hà Nội. Công ty có đối tác triển vọng trong đó có những khách hàng lớn tại Nhật Bản, Hàn Quốc, Ấn Độ như IR TSC, quỹ đầu tư Lotus ở Nhật Bản, tập đoàn CPR - Nhật Bản, tập đoàn T.D.I - Nhật.",Biệt thự 35 BT5 KĐT Pháp Vân Tứ Hiệp - P. Hoàng Liệt - Q. Hoàng Mai - Tp. Hà Nội,http://sara.com.vn/
SVN,CTCP Tập đoàn Vexilla Việt Nam,"Kinh doanh vật liệu xây dựng, trang thiết bị làm vườn","CTCP Tập đoàn Vexilla Việt Nam là đơn vị đã tham gia các công trình như: Nhà máy xi măng Bỉm Sơn, Nhà máy xi măng La Hiên, nhà máy xi măng Quán Triều, nhà máy thủy điện Nậm khóa. Bên cạnh đó, công ty rất chú trọng về đầu tư công nghệ và mở rộng quy mô của các lĩnh vực khai thác, sản xuất vật liệu xây dựng, dây chuyền trạm nghiền sàng và công tác khai thác đá tại các mỏ đá.- Công ty đã đầu tư hợp tác vào 2 dự án khai thác, chế biến đá công suất 250 tấn/h ở Mỏ đá Vương Lộc, Can Lộc, Hà Tĩnh phục vụ nhu cầu đá đang rất cao ở các trọng điểm quốc gia thuộc Hà Tĩnh và hợp tác đầu tư với CTCP Xây dựng và khai thác khoáng sản Trường Sơn để đầu tư khai thác, chế biến đá xây dựng ở mỏ đá Khe Sẵn, xã Xuân Lĩnh, huyện Nghi Xuân, Hà Tĩnh.",F03 - Tòa nhà The Manor 2 - Số 91 Nguyễn Hữu Cảnh - P.22 - Q. Bình Thạnh - Tp. HCM,http://solavina.vn/
TA9,CTCP Xây lắp Thành An 96,Xây dựng và Bất động sản,"Công ty CPXL Thành An 96 tiền thân là Xí nghiệp 96 trực thuộc Tổng công ty Thành An (Binh đoàn 11), đóng quân trên địa bàn quận Hải Châu, thành phố Đà Nẵng. Công ty hoạt động với phương châm nâng cao chất lượng công trình là yếu tố hàng đầu để tồn tại và phát triển. Các công trình thi công đều đảm bảo chất lượng, tiến độ, an toàn và được chủ đầu tư đánh giá cao là yếu tố thành công của Thành An 96",Số 2 Nguyễn Văn Trỗi – P.Hoà Thuận Đông – Q.Hải Châu – Tp.Đà Nẵng,http://thanhan96.vn
TAR,CTCP Nông nghiệp Công nghệ cao Trung An,Sản xuất thực phẩm,"Tiền thân là Công ty TNHH Trung An được thành lập ngày 16/08/1996. Sau 25 năm hình thành và phát triển, công ty CP Nông Nghiệp Công Nghệ Cao Trung An, đã có những thành tựu nhất định: mở rộng vùng nguyên liệu rộng lớn sang các tinh Đồng bằng Sông Cửu Long bằng hình thức liên kết sản xuất Công ty cung ứng giống, phân bón, thuốc bảo vệ thực vật; kết hơp với các nhà khoa học để hỗ trợ kỹ thuật canh tác hiện đại giúp nhà nông tiết kiệm chi phí sản xuất hạ giá thành, tăng lợi nhuận đồng thời tạo ra các sản phẩm xanh, sạch phù hợp với nhu cầu tiêu dùng. TAR hiện quản lý vận hành 06 nhà máy chế biến gạo trên tổng diện tích 122,760 m2 với công suất chế biến đạt 1,000 tấn gạo/ngày, cung cấp khoảng 360,000 tấn gạo/năm. Bên cạnh đó, Công ty sở hữu 6 nhà kho với sức chứa 90,000 tấn gạo trên diện tích 60,000 m2.",649A Quốc lộ 91 - Kv. Qui Thạnh 1 - P. Trung Kiên - Q. Thốt Nốt - Tp. Cần Thơ,https://www.trunganrice.com/
TC6,CTCP Than Cọc Sáu - Vinacomin,Khai khoáng,"Công ty Cổ phần Than Cọc Sáu – Vinacomin (TC6) tiền thân là Công trường than của chủ mỏ thực dân Pháp để lại từ năm 1907 đến năm 1955. Sản phẩm chủ yếu của Công ty là than, than được sản xuất theo từng chủng loại khác nhau như: than cám, than cục xô dựa trên nhu cầu than của khách hàng. Hiện nay, Tập đoàn Công nghiệp Than - Khoáng sản Việt Nam giao tài nguyên, trữ lượng, ranh giới mỏ mà Tập đoàn là đại diện chủ sở hữu cho Công ty quản lý để khai thác và giao nộp sản phẩm cho Tập đoàn thông qua hợp đồng giao nhận thầu khai thác. Ngày 26/06/2008, TC6 chính thức giao dịch trên Sở Giao dịch Chứng khoán Hà Nội (HNX).",P. Cẩm Phú - TX. Cẩm Phả - T. Quảng Ninh,http://www.cocsau.com
TDT,CTCP Đầu tư và Phát triển TDT,Sản xuất các sản phẩm may mặc,"Ngày 22/03/2011, Công ty Cổ phần Đầu tư và Phát triển TDT được thành lập với vốn điều lệ ban đầu là 8 tỷ đồng. Năm 2016, nhà máy TDT Thịnh Đức được đưa vào hoạt động. Năm 2018, cổ phiếu của công ty giao dịch trên Sở Giao dịch Chứng khoán Hà Nội (HNX). Lĩnh vực hoạt động kinh doanh chính của doanh nghiệp là sản xuất, gia công và xuất khẩu hàng may mặc. Công ty còn nhận gia công trong nước cho một số đối tác như: Tổng Công ty Đức Giang, Công ty Cổ phần Đầu tư Mặt trời Việt, Công ty Cổ phần May Athena.",Xóm Thuần Pháp - X. Điềm Thụy - H. Phú Bình - T. Thái Nguyên,http://tdtgroup.vn
THD,CTCP Thaiholdings,Xây dựng và Bất động sản,"Công ty Cổ phần Thaiholdings được thành lập từ năm 2011, tiền thân là Công ty Cổ phần Đầu tư và Phát triển Kinh Thành với số vốn điều lệ 389 tỷ đồng. Năm 2020, cổ phiếu công ty chính thức giao dịch trên Sở giao dịch Chứng khoán Hà Nội (HNX). Công ty hoạt động kinh doanh trong các lĩnh vực Dịch vụ phòng nghỉ; Dịch vụ Hội trường, hội nghị, nhà hàng; Dịch vụ tour du lịch. Một số những dự án bất động sản tiêu biểu THD đã và đang tham gia bao gồm: Dự án tổ hợp công trình thương mại - dịch vụ, khách sạn, văn phòng và khách sạn căn hộ Kim Liên (Đống Đa, Hà Nội); Dự án tổ hợp khu nghỉ dưỡng Enclave Phú Quốc.",Số 210 - Đường Trần Quang Khải - P. Tràng Tiền - Q. Hoàn Kiếm - Tp. Hà Nội,http://www.thaiholdings.com.vn/
THT,CTCP Than Hà Tu - Vinacomin,Khai khoáng,"CTCP Than Hà Tu - Vinacomin là đơn vị thuộc Tập đoàn Than Khoáng sản Việt Nam, hoạt động chính trong lĩnh vực khai thác và thu gom than cứng tại phường Hà Tu, TP. Hạ Long, tỉnh Quảng Ninh. Công ty thực hiện dây chuyền công nghệ khai thác lộ thiên, được tổ chức quản lý tập trung trong phạm vi khoáng sản được giao, quản lý khai thác và sử dụng các nguồn lực hoàn thành tốt nhiệm vụ của Tổng công ty giao.",Tổ 6 - Khu 3 - P.Hà Tu -Tp.Hạ Long - T.Quảng Ninh,http://www.hatucoal.vn
TIG,CTCP Tập đoàn Đầu tư Thăng Long,Xây dựng và Bất động sản,"Ngày 8/8/2001, Công ty Cổ phần Tập đoàn Đầu tư Thăng Long (tiền thân là Công ty Cổ phần Văn hóa Thông tin Thăng Long) được thành lập bởi ông Nguyễn Phúc Long với số vốn điều lệ ban đầu là 700 triệu đồng. Năm 2010, cổ phiếu của Công ty được niêm yết và giao dịch trên sàn HNX. Công ty hoạt động chính trong các lĩnh vực Đầu tư, kinh doanh, tư vấn, môi giới, quản lý sàn giao dịch bất động sản; Tư vấn, thiết kế, khảo sát, giám sát, thi công xây lắp và quản lý dự án các công trình dân dụng, công nghiệp, giao thông; Đầu tư tài chính trực tiếp và ủy thác. Các công ty con của TIG đã thực hiện đăng ký độc quyền và đang sở hữu các bản quyền thương hiệu bất động sản và thươg hiệu công ty như: Hanoi ICT tower, Hanoi Financial Tower, Hanoi Business tower, King’s garden resort & villas, Cua Tung beach resort & villas, Vantri Ecoland, Thanglong Invest.",Tầng 8 - Tháp B - Tòa nhà Sông Đà - Đường Phạm Hùng - P. Mỹ Đình 1 - Q. Cầu Giấy - Tp. Hà Nội,http://thanglonginvestgroup.vn/
TNG,CTCP Đầu tư và Thương mại TNG,Sản xuất các sản phẩm may mặc,"Ngày 22/11/1979, Công ty Cổ phần Đầu tư và Thương mại TNG, tiền thân là Xí nghiệp May Bắc Thái, được thành lập. Công ty sản xuất và mua bán hàng may mặc; Sản xuất bao bì giấy, nhựa làm túi nilon, áo mưa nilon và nguyên, phụ liệu hàng may mặc; Mua bán máy móc thiết bị công nghiệp; Các hoạt động khác theo giấy phép kinh doanh. Là một trong các doanh nghiệp dệt may xuất khẩu lớn nhất Việt Nam, công ty sở hữu 10 chi nhánh may với 178 dây chuyền và 4 chi nhánh sản xuất hàng phụ trợ may mặc. Hàng năm, công ty sản xuất khoảng 12 triệu sản phẩm áo khoác và 9 triệu sản phẩm quần Chino. Sản phẩm của công ty được xuất khẩu chủ yếu tại Hoa Kỳ, EU, Canada và Mexico, chiếm khoảng 83% tổng kim ngạch xuất khẩu của công ty.",Số 434/1 đường Bắc Kạn - P. Hoàng Văn Thụ - Tp. Thái Nguyên - T. Thái Nguyên,http://www.tng.vn
TTH,CTCP Thương mại và Dịch vụ Tiến Thành,Bán buôn hàng lâu bền,"CTCP Thương mại và Dịch vụ Tiến Thành hoạt động trong lĩnh vực kinh doanh hàng thời trang và kinh doanh khoáng sản. Cụ thể, thương hiệu thời trang mang tên Valentino Creations đã được công ty phân phối tại các cửa hàng, trung tâm thương mại cao cấp trên toàn quốc như: Vincom, Lotte Center, Parkson Plaza… Công ty kinh doanh khoáng sản với các mặt hàng như quặng sắt, đồng, than các loại, đá quý... Bên cạnh đó, công ty mở rộng sang hoạt động kinh doanh bất động sản và định hướng đây là hoạt động cốt lõi trong tương lai. Hiện công ty sở hữu lô đất rộng 3,433 m2 tại khu đô thị mới Việt Hưng, Hà Nội và đã được UBND thành phố cấp giấy chứng nhận đầu tư để xây dựng.",Khu đô thị Việt Hưng - P. Đức Giang - Q. Long Biên - Hà Nội,http://tienthanhjsc.vn
TVC,CTCP Tập đoàn Quản lý Tài sản Trí Việt,Tài chính và bảo hiểm,"Tiền thân là CTCP thương mại phát triển Thúy Dương, thành lập ngày 20/12/2012 với VĐL ban đầu là 30 tỷ đồng. Năm 2014, cổ phiếu công ty niêm yết và giao dịch trên sàn HNX. Tập đoàn Trí Việt (T-Corp) là thương hiệu Quản lý Tài sản thịnh vượng với hệ sinh thái tài chính toàn diện, tiên phong và phát triển với 3 thành tố chính: Tài chính - Chứng Khoán - Bất động sản, bao gồm các công ty thành viên: Công ty Cổ phần Tập đoàn Quản lý tài sản Trí Việt (Mã chứng khoán: TVC); Công ty Cổ phần Chứng khoán Trí Việt; Công ty Cổ phần kinh doanh Bất động sản Trí Việt (T-Corp Homes). Ngoài Trụ sở chính tại Hà Nội, T-Corp đã mở thêm Hội sở tại Thành phố Hồ Chí Minh và Chi nhánh tại Thành phố Hải Phòng.",Số 142 Đội Cấn - P. Đội Cấn - Q. Ba Đình - TP. Hà Nội,http://tcorp.vn/
TVD,CTCP Than Vàng Danh - Vinacomin,Khai khoáng,"Công ty Cổ phần Than Vàng Danh - Vinacomin (tiền thân là Mỏ than Vàng Danh) được thành lập ngày 06/06/1964 của Bộ Công nghiêp nặng. Tổ chức sản xuất của Công ty Than Vàng Danh được khép kín từ khâu khai thác đến chế biến, tiêu thụ than từ Vàng Danh ra Cảng Điền Công. Năm 2011, Công ty chính thức niêm yết cổ phiếu trên Sàn giao dịch Chứng khoán Hà Nội với mã chứng khoán là TVD. Công ty hoạt động chính trong các lĩnh vực Khai thác chế biến kinh doanh than và các khoáng sản khác; Bốc xúc, than và đất đá; Chế tạo, sửa chữa, phục hồi thiết bị mỏ, phương tiện vận tải và các sản phẩm cơ khí khác; Xây dựng các công trình mỏ, công nghiệp, giao thông, dân dụng, đường dây và trạm; Đầu tư kinh doanh hạ tầng và bất động sản. Với sự quản lý điều tiết của Vinacomin, TVD không có sự cạnh tranh về sản phẩm và thị trường giữa các Công ty khai thác than.",185 Nguyễn Văn Cừ - P.Vàng Danh - TX.Uông Bí - T.Quảng Ninh,http://www.vangdanhcoal.com.vn
VC2,CTCP Đầu tư và Xây dựng Vina2,Xây dựng và Bất động sản,"Công ty Cổ phần Đầu tư và Xây dựng Vina 2 có tiền thân là Công ty Xây dựng Xuân Hoà, được thành lập năm 1970. Công ty hoạt động chính trong lĩnh vực xây dựng các công trình dân dụng và công nghiệp, và kinh doanh bất động sản. VC2 chính thức hoạt động dưới hình thức công ty cổ phần từ tháng 10/2003. VC2 đã tham gia thực hiện các dự án xây dựng dân dụng như Kho bạc Nhà Nước, Grand Plaza Hotel Hanoi, Khoa A11 - Bệnh viện Quân Y 108, Viện Huyết học và Truyền máu Trung Ương, Trường chuyên Amsterdam, Trung tâm Thương mại Vĩnh Phúc, Savico Plaza Hanoi (Block B), Trung tâm Marketing Bắc An Khánh. Ngày 11/12/2006, VC2 chính thức giao dịch trên Sở Giao dịch Chứng khoán Hà Nội (HNX).",Tầng 2-4 tòa nhà B - KĐT mới Kim Văn - Kim Lũ - P. Đại Kim - Q. Hoàng Mai - Tp. Hà Nội,http://vina2.com.vn
VC3,CTCP Tập đoàn Nam Mê Kông,Xây dựng và Bất động sản,"Tiền thân là Công ty xây dựng số 5 được thành lập năm 1993. Năm 2007, VC3 chính thức giao dịch trên Sở Giao dịch Chứng khoán Hà Nội. Công ty nhận thầu xây lắp các công trình, thi công san lấp; Xây dựng và kinh doanh nhà, cho thuê văn phòng, kinh doanh bất động sản, khách sạn, du lịch; Lắp đặt các loại kết cấu bê tông, cấu kiện thép, các hệ thống kỹ thuật công trình, các loại máy móc, thiết bị (thang máy, điều hoà, thông gió, phòng cháy, chữa cháy, cấp thoát nước); Sản xuất, kinh doanh vật liệu xây dựng: gạch, ngói, đá, cát, sỏi, xi măng, tấm lợp, gỗ dùng trong xây dựng, sản xuất kinh doanh đồ gỗ hàng tiêu dùng. Công ty đầu tư thực hiện nhiều dự án quy mô lớn, đem lại doanh thu và lợi nhuận tăng trưởng cao.",Tầng 11 Tòa nhà Geleximco - 36 Hoàng Cầu - P. Ô Chợ Dừa - Q. Đống Đa - Tp. Hà Nội,http://nammekong.net/
VC7,CTCP Tập đoàn BGI,Xây dựng và Bất động sản,"Ngày 05/05/1993, Công ty được thành lập với tên gọi ban đầu là Công ty xây dựng số 9, tên giao dịch VINANICO. Ngày 19/02/2002, Công ty chuyển đổi hình thức từ sở hữu nhà nước sang hình thức cổ phần, tên giao dịch Công ty cổ phần xây dựng số 7. Ngành nghề kinh doanh: xây lắp các công trình dân dụng, công nghiệp; kinh doanh bất động sản; sản xuất kính dán an toàn.",Tầng 3 tòa Vinaconex 7 số 61 Đường Nguyễn Văn Giáp - P. Cầu Diễn - Q. Nam Từ Liêm - Tp. Hà Nội,https://bgi.vn/
VC9,CTCP Xây dựng Số 9,Xây dựng và Bất động sản,"Công ty Cổ phần xây dựng số 9 (VC9), được thành lập năm 1977 trên cơ sở hợp nhất Xí nghiệp Xây dựng số 9 trực thuộc Công ty Xây dựng Xuân Hoà và Đội ván khuân trượt Công trường K3 thuộc Công ty Xây dựng số 5. Năm 2004, Công ty chuyển đổi mô hình kinh doanh hoạt động là Công ty Cổ phần với số vốn điều lệ ban đầu là 21 tỷ đồng. Vốn điều lệ hiện tại của Công ty là 120 tỷ đồng. Lĩnh vực kinh doanh chính của công ty là thi công các công trình dân dụng và công nghiệp; sản xuất kinh doanh vật liệu xây dựng; kinh doanh vật liệu xây dựng; Kinh doanh phát triển khu đô thị mới, hạ tầng khu công nghiệp và kinh doanh bất động sản; Sản xuất, kinh doanh vật liệu xây dựng... Ngày 05/11/2009, VC9 chính thức giao dịch trên Sở Giao dịch Chứng khoán Hà Nội (HNX).",Tầng 4&5 - Tòa nhà Vinaconex 9 - HH2-2 Phạm Hùng - Nam Từ Liêm - Hà Nội,http://vinaconex-9.vn
VCS,CTCP Vicostone,Sản xuất sản phẩm khoáng chất phi kim,"Vicostone là một trong những công ty tiên phong trong lĩnh vực sản xuất đá thạch anh tại khu vực châu Á, được thành lập tháng 12 năm 2002. Với hệ thống các đại lý phân phối trên toàn cầu, sản phẩm của VICOSTONE đã hiện diện tại khắp các châu lục. Niêm yết cổ phiếu tại Sở Giao dịch chứng khoán Hà Nội (HNX), chính thức khai trương phiên giao dịch đầu tiên ngày 17/12/2007. Lĩnh vực hoạt động chính của doanh nghiệp bao gồm: Sản xuất công nghiệp, Nghiên cứu khoa học, Bất động sản, Công nghệ, Giáo dục và đào tạo, Tư vấn xây lắp, Thương mại & dịch vụ...",Khu công nghệ cao Hòa Lạc - X. Thạch Hòa - H. Thạch Thất - Tp. Hà Nội,https://vicostone.com/vi-vn/
VGS,CTCP Ống thép Việt Đức VG PIPE,Sản xuất các sản phẩm kim loại cơ bản,"Công ty Cổ phần Ống thép Việt Đức VG PIPE (VGS), tiền thân là Nhà máy Ống thép Việt Đức được thành lập năm 2002. Ống thép Việt Đức là doanh nghiệp hàng đầu trong công nghiệp sản xuất ống thép tại Việt Nam. Sản phẩm bao gồm: ống thép đen tròn (vuông, chữ nhật), ống thép đen tròn cỡ lớn chịu áp lực cao, ống thép mạ kẽm nhúng nóng, thép nguội cán, bu lông ốc vít . Hiện nay Ống thép Việt Đức đang sở hữu 10 dây chuyền sản xuất ống thép đen cỡ nhỏ, 2 dây chuyền sản xuất ống thép mạ kẽm công nghệ hiện đại của Mỹ, Đức và Đài loan. Ngày 04/12/2008, VGS chính thức giao dịch trên Sở Giao dịch Chứng khoán Hà Nội (HNX).",KCN Bình Xuyên - TT. Đạo Đức - H. Bình Xuyên - T. Vĩnh Phúc,http://www.vgpipe.com.vn
VHE,CTCP Dược liệu và Thực phẩm Việt Nam,Sản xuất thực phẩm,"Ngày 25/04/2016, Công ty Cổ phần Dược liệu và Thực phẩm Việt Nam được thành lập với vốn điều lệ ban đầu 20 tỷ đồng. Lĩnh vực kinh doanh chính bao gồm Xuất khẩu thảo dược (quế, hồi, thảo quả), hồ tiêu; Sản xuất nước uống thảo dược. Năm 2019, cổ phiếu công ty giao dịch trên Sở Giao dịch Chứng khoán Hà Nội (HNX). Công ty hiện đang quản lý vận hành dây chuyền sản xuất nước uống thảo dược với công suất lên đến 8,000 chai ...","Số 277 đường Vạn Xuân - X. Hạ Mỗ - H. Đan Phượng - Tp. Hà Nội, Việt Nam",http://www.vinaherbfoods.com/
VIG,CTCP Chứng khoán Thương mại và Công nghiệp Việt Nam,Tài chính và bảo hiểm,"Ngày 11/01/2008, Công ty Cổ phần Chứng khoán Thương mại và Công nghiệp Việt Nam được chính thức thành lập. Năm 2009, niêm yết và giao dịch trên Sở Giao dịch Chứng khoán Hà Nội (HNX). Lĩnh vực kinh doanh: Môi giới chứng khoán; Tự doanh chứng khoán; Tư vấn đầu tư chứng khoán; Lưu ký chứng khoán; Bảo lãnh phát hành chứng khoán. Cổ đông sáng lập của công ty là các Tổng Công ty nhà nước như Tổng Công ty Hóa chất Việt Nam, Tổng Công ty Giấy Việt Nam, Tổng Công ty Lắp máy Việt Nam với hàng trăm công ty thành viên. Đây là thị trường to lớn để công ty cung cấp dịch vụ.",Villa số 3 - Số 02 bis Nguyễn Thị Minh Khai - P.Đa Kao - Q.1 - Tp.HCM,http://vics.vn
VKC,CTCP Cáp - Nhựa Vĩnh Khánh,Bán buôn xe cơ giới và phụ tùng xe cơ giới,Công ty cổ phần Cáp Nhựa Vĩnh Khánh tiền thân là công ty là Xí nghiệp Tư Doanh Cao Su Nhựa Vĩnh Khánh được thành lập vào năm 1993 tại tỉnh Sông Bé (nay là tỉnh Bình Dương). Lĩnh vực hoạt động chính của Vĩnh Khánh là sản xuất và kinh doanh ống nhựa phục vụ ngành bưu chính viễn thông.,Số 854 Quốc lộ 1K - Kp. Châu Thới - P. Bình An - TP. Dĩ An - T. Bình Dương,http://www.vcom.com.vn
VTV,CTCP Năng lượng và Môi trường VICEM,Bán buôn kim loại và khoáng sản (trừ dầu khí),"CTCP VICEM Vật tư Vận tải Xi măng (VTV) thành lập năm 1990 và chuyển sang hoạt động theo mô hình cổ phần năm 2006. Hoạt động chính của công ty là kinh doanh các loại vật tư dùng cho ngành xi măng; kinh doanh vật liệu xây dựng, nhiên liệu (xăng, dầu, khí đốt); kinh doanh vận tải và dịch vụ vận tải; kinh doanh phụ tùng ô tô và bảo dưỡng sửa chữa ô tô; kinh doanh khai thác, chế biến các loại phụ gia và xỉ thải phục vụ cho sản xuất xi măng và các nhu cầu khác của xã hội... Hoạt động kinh doanh của VTV diễn ra trong nước và quốc tế khi thực hiện cung ứng than cho các Công ty xi măng thuộc VICEM.",Số 21B Cát Linh - P. Cát Linh - Q. Đống Đa - Tp. Hà Nội,http://www.vtvxm.vn
WSS,CTCP Chứng khoán Phố Wall,Tài chính và bảo hiểm,"CTCP Chứng khoán Phố Wall (WSS) được thành lập năm 2007 bởi các cổ đông là những doanh nghiệp có tiềm lực tài chính lớn, gồm có: CTCP Cáp và Vật liệu viễn thông (SACOM), Tổng Công ty Đức Giang và một số cổ đông cá nhân. Ngành nghề kinh doanh chính là môi giới chứng khoán; tự doanh chứng khoán; bảo lãnh phát hành chứng khoán; tư vấn tài chính và đầu tư chứng khoán; lưu ký chứng khoán... Hoạt động kinh doanh của Công ty trải khắp cả nước tuy nhiên hiện nay chủ yếu tập trung tại Hà Nội.",Tầng 9 Tòa nhà ICON4 - Số 243A Đê La Thành - P. Láng Thượng - Q. Đống Đa - Tp. Hà Nội,http://www.wss.com.vn
,,,,,
,,,,,
,,,,,
,,,,,
,,,,,
,,,,,
,,,,,
,,,,,
,,,,,
,,,,,
,,,,,
,,,,,
,,,,,
,,,,,
,,,,,
,,,,,
,,,,,
,,,,,
,,,,,
,,,,,
,,,,,
,,,,,
,,,,,
,,,,,
,,,,,
,,,,,
,,,,,
,,,,,
,,,,,
,,,,,
,,,,,
,,,,,
,,,,,
,,,,,
,,,,,
,,,,,
,,,,,
,,,,,
,,,,,
,,,,,
,,,,,
,,,,,
,,,,,
,,,,,
,,,,,
,,,,,
,,,,,
,,,,,
,,,,,
,,,,,
,,,,,
,,,,,
,,,,,
,,,,,
,,,,,
,,,,,
,,,,,
,,,,,
,,,,,
,,,,,
,,,,,
,,,,,
,,,,,
,,,,,
,,,,,
,,,,,
,,,,,
,,,,,
,,,,,
,,,,,
,,,,,
,,,,,
,,,,,
,,,,,
,,,,,
,,,,,
,,,,,
,,,,,
,,,,,
,,,,,
,,,,,
,,,,,
,,,,,
,,,,,
,,,,,
,,,,,
,,,,,
,,,,,
,,,,,
,,,,,
,,,,,
,,,,,
,,,,,
,,,,,
,,,,,
,,,,,
,,,,,
,,,,,
,,,,,
,,,,,
,,,,,
,,,,,
,,,,,
,,,,,
,,,,,
,,,,,
,,,,,
,,,,,
,,,,,
,,,,,
,,,,,
,,,,,
,,,,,
,,,,,
,,,,,
,,,,,
,,,,,
,,,,,
,,,,,
,,,,,
,,,,,
,,,,,
,,,,,
,,,,,
,,,,,
,,,,,
,,,,,
,,,,,
,,,,,
,,,,,
,,,,,
,,,,,
,,,,,
,,,,,
,,,,,
,,,,,
,,,,,
,,,,,
,,,,,
,,,,,
,,,,,
,,,,,
,,,,,
,,,,,
,,,,,
,,,,,
,,,,,
,,,,,
,,,,,
,,,,,
,,,,,
,,,,,
,,,,,
,,,,,
,,,,,
,,,,,
,,,,,
,,,,,
,,,,,
,,,,,
,,,,,
,,,,,
,,,,,
,,,,,
,,,,,
,,,,,
,,,,,
,,,,,
,,,,,
,,,,,
,,,,,
,,,,,
,,,,,
,,,,,
,,,,,
,,,,,
,,,,,
,,,,,
,,,,,
,,,,,
,,,,,
,,,,,
,,,,,
,,,,,
,,,,,
,,,,,
,,,,,
,,,,,
,,,,,
,,,,,
,,,,,
,,,,,
,,,,,
,,,,,
,,,,,
,,,,,
,,,,,
,,,,,
,,,,,
,,,,,
,,,,,
,,,,,
,,,,,
,,,,,
,,,,,
,,,,,
,,,,,
,,,,,
,,,,,
,,,,,
,,,,,
,,,,,
,,,,,
,,,,,
,,,,,
,,,,,
,,,,,
,,,,,
,,,,,
,,,,,
,,,,,
,,,,,
,,,,,
,,,,,
,,,,,
,,,,,
,,,,,
,,,,,
,,,,,
,,,,,
,,,,,
,,,,,
,,,,,
,,,,,
,,,,,
,,,,,
,,,,,
,,,,,
,,,,,
,,,,,
,,,,,
,,,,,
,,,,,
,,,,,
,,,,,
,,,,,
,,,,,
,,,,,
,,,,,
,,,,,
,,,,,
,,,,,
,,,,,
,,,,,
,,,,,
,,,,,
,,,,,
,,,,,
,,,,,
,,,,,
,,,,,
,,,,,
,,,,,
,,,,,
,,,,,
,,,,,
,,,,,
,,,,,
,,,,,
,,,,,
,,,,,
,,,,,
,,,,,
,,,,,
,,,,,
,,,,,
,,,,,
,,,,,
,,,,,
,,,,,
,,,,,
,,,,,
,,,,,
,,,,,
,,,,,
,,,,,
,,,,,
,,,,,
,,,,,
,,,,,
,,,,,
,,,,,
,,,,,
,,,,,
,,,,,
,,,,,
,,,,,
,,,,,
,,,,,
,,,,,
,,,,,
,,,,,
,,,,,
,,,,,
,,,,,
,,,,,
,,,,,
,,,,,
,,,,,
,,,,,
,,,,,
,,,,,
,,,,,
,,,,,
,,,,,
,,,,,
,,,,,
,,,,,
,,,,,
,,,,,
,,,,,
,,,,,
,,,,,
,,,,,
,,,,,
,,,,,
,,,,,
,,,,,
,,,,,
,,,,,
,,,,,
,,,,,
,,,,,
,,,,,
,,,,,
,,,,,
,,,,,
,,,,,
,,,,,
,,,,,
,,,,,
,,,,,
,,,,,
,,,,,
,,,,,
,,,,,
,,,,,
,,,,,
,,,,,
,,,,,
,,,,,
,,,,,
,,,,,
,,,,,
,,,,,
,,,,,
,,,,,
,,,,,
,,,,,
,,,,,
,,,,,
,,,,,
,,,,,
,,,,,
,,,,,
,,,,,
,,,,,
,,,,,
,,,,,
,,,,,
,,,,,
,,,,,
,,,,,
,,,,,
,,,,,
,,,,,
,,,,,
,,,,,
,,,,,
,,,,,
,,,,,
,,,,,
,,,,,
,,,,,
,,,,,
,,,,,
,,,,,
,,,,,
,,,,,
,,,,,
,,,,,
,,,,,
,,,,,
,,,,,
,,,,,
,,,,,
,,,,,
,,,,,
,,,,,
,,,,,
,,,,,
,,,,,
,,,,,
,,,,,
,,,,,
,,,,,
,,,,,
,,,,,
,,,,,
,,,,,
,,,,,
,,,,,
,,,,,
,,,,,
,,,,,
,,,,,
,,,,,
,,,,,
,,,,,
,,,,,
,,,,,
,,,,,
,,,,,
,,,,,
,,,,,
,,,,,
,,,,,
,,,,,
,,,,,
,,,,,
,,,,,
,,,,,
,,,,,
,,,,,
,,,,,
,,,,,
,,,,,
,,,,,
,,,,,
,,,,,
,,,,,
,,,,,
,,,,,
,,,,,
,,,,,
,,,,,
,,,,,
,,,,,
,,,,,
,,,,,
,,,,,
,,,,,
,,,,,
,,,,,
,,,,,
,,,,,
,,,,,
,,,,,
,,,,,
,,,,,
,,,,,
,,,,,
,,,,,
,,,,,
,,,,,
,,,,,
,,,,,
,,,,,
,,,,,
,,,,,
,,,,,
,,,,,
,,,,,
,,,,,
,,,,,
,,,,,
,,,,,
,,,,,
,,,,,
,,,,,
,,,,,
,,,,,
,,,,,
,,,,,
,,,,,
,,,,,
,,,,,
,,,,,
,,,,,
,,,,,
,,,,,
,,,,,
,,,,,
,,,,,
,,,,,
,,,,,
,,,,,
,,,,,
,,,,,
,,,,,
,,,,,
,,,,,
,,,,,
,,,,,
,,,,,
,,,,,
,,,,,
,,,,,
,,,,,
,,,,,
,,,,,
,,,,,
,,,,,
,,,,,
,,,,,
,,,,,
,,,,,
,,,,,
,,,,,
,,,,,
,,,,,
,,,,,
,,,,,
,,,,,
,,,,,
,,,,,
,,,,,
,,,,,
,,,,,
,,,,,
,,,,,
,,,,,
,,,,,
,,,,,
,,,,,
,,,,,
,,,,,
,,,,,
,,,,,
,,,,,
,,,,,
,,,,,
,,,,,
,,,,,
,,,,,
,,,,,
,,,,,
,,,,,
,,,,,
,,,,,
,,,,,
,,,,,
,,,,,
,,,,,
,,,,,
,,,,,
,,,,,
,,,,,
,,,,,
,,,,,
,,,,,
,,,,,
,,,,,
,,,,,
,,,,,
,,,,,
,,,,,
,,,,,
,,,,,
,,,,,
,,,,,
,,,,,
,,,,,
,,,,,
,,,,,
,,,,,
,,,,,
,,,,,
,,,,,
,,,,,
,,,,,
,,,,,
,,,,,
,,,,,
,,,,,
,,,,,
,,,,,
,,,,,
,,,,,
,,,,,
,,,,,
,,,,,
,,,,,
,,,,,
,,,,,
,,,,,
,,,,,
,,,,,
,,,,,
,,,,,
,,,,,
,,,,,
,,,,,
,,,,,
,,,,,
,,,,,
,,,,,
,,,,,
,,,,,
,,,,,
,,,,,
,,,,,
,,,,,
,,,,,
,,,,,
,,,,,
,,,,,
,,,,,
,,,,,
,,,,,
,,,,,
,,,,,
,,,,,
,,,,,
,,,,,
,,,,,
,,,,,
,,,,,
,,,,,
,,,,,
,,,,,
,,,,,
,,,,,
,,,,,
,,,,,
,,,,,
,,,,,
,,,,,
,,,,,
,,,,,
,,,,,
,,,,,
,,,,,
,,,,,
,,,,,
,,,,,
,,,,,
,,,,,
,,,,,
,,,,,
,,,,,
,,,,,
,,,,,
,,,,,
,,,,,
,,,,,
,,,,,
,,,,,
,,,,,
,,,,,
,,,,,
,,,,,
,,,,,
,,,,,
,,,,,
,,,,,
,,,,,
,,,,,
,,,,,
,,,,,
,,,,,
,,,,,
,,,,,
,,,,,
,,,,,
,,,,,
,,,,,
,,,,,
,,,,,
,,,,,
,,,,,
,,,,,
,,,,,
,,,,,
,,,,,
,,,,,
,,,,,
,,,,,
,,,,,
,,,,,
,,,,,
,,,,,
,,,,,
,,,,,
,,,,,
,,,,,
,,,,,
,,,,,
,,,,,
,,,,,
,,,,,
,,,,,
,,,,,
,,,,,
,,,,,
,,,,,
,,,,,
,,,,,
,,,,,
,,,,,
,,,,,
,,,,,
,,,,,
,,,,,
,,,,,
,,,,,
,,,,,
,,,,,
,,,,,
,,,,,
,,,,,
,,,,,
,,,,,
,,,,,
,,,,,
,,,,,
,,,,,
,,,,,
,,,,,
,,,,,
,,,,,
,,,,,
,,,,,
,,,,,
,,,,,
,,,,,
,,,,,
,,,,,
,,,,,
,,,,,
,,,,,
,,,,,
,,,,,
,,,,,
,,,,,
,,,,,
,,,,,
,,,,,
,,,,,
,,,,,
,,,,,
,,,,,
,,,,,
,,,,,
,,,,,
,,,,,
,,,,,
,,,,,
,,,,,
,,,,,
,,,,,
,,,,,
,,,,,
,,,,,
,,,,,
,,,,,
,,,,,
,,,,,
,,,,,
,,,,,
,,,,,
,,,,,
,,,,,
,,,,,
,,,,,
,,,,,
,,,,,
,,,,,
,,,,,
,,,,,
,,,,,
,,,,,
,,,,,
,,,,,
,,,,,
,,,,,
,,,,,
,,,,,
,,,,,
,,,,,
,,,,,
,,,,,
,,,,,
,,,,,
,,,,,
,,,,,
,,,,,
,,,,,
,,,,,
,,,,,
,,,,,
,,,,,
,,,,,
,,,,,
,,,,,
,,,,,
,,,,,
,,,,,
,,,,,
,,,,,
,,,,,
,,,,,
,,,,,
,,,,,
,,,,,
,,,,,
,,,,,
,,,,,
,,,,,
,,,,,
,,,,,
,,,,,
,,,,,
,,,,,
,,,,,
,,,,,
,,,,,
,,,,,
,,,,,
,,,,,
,,,,,
,,,,,
,,,,,
,,,,,
,,,,,
,,,,,
,,,,,
,,,,,
,,,,,
,,,,,
,,,,,
,,,,,
,,,,,
,,,,,
,,,,,
,,,,,
,,,,,
,,,,,
,,,,,
,,,,,
,,,,,
,,,,,
,,,,,
,,,,,
,,,,,
,,,,,
,,,,,
,,,,,
,,,,,
,,,,,
,,,,,
,,,,,
,,,,,
,,,,,
,,,,,
,,,,,
,,,,,
,,,,,
,,,,,
,,,,,
,,,,,
,,,,,
,,,,,
,,,,,
,,,,,
,,,,,
,,,,,
,,,,,
,,,,,
,,,,,
,,,,,
,,,,,
,,,,,
,,,,,
,,,,,
,,,,,
,,,,,
,,,,,
,,,,,
,,,,,
,,,,,
,,,,,
,,,,,
,,,,,
,,,,,
,,,,,
,,,,,
,,,,,
,,,,,
