Ticker,Company Name,Field,Info,Address,Website,
AAS,Công ty Cổ phần Chứng Khoán Smart Invest,Tài chính và bảo hiểm,"CTCP Chứng Khoán Smart Invest tiền thân là CTCP Chứng khoán Gia Anh, được thành lập 26/12/2016, hiện là 1 trong những công ty chứng khoán có tiềm năng phát triển tại Việt Nam. 3 lĩnh vực kinh doanh chiến lược: Dịch vụ chứng khoán, ngân hàng đầu tư, phân tích và nghiên cứu. Smart Invest cung cấp đến khách hàng những sản phẩm dịch vụ tài chính đa dạng nhắm đáp ứng được nhu cầu tối đa nhất của khách hàng.","Tầng 3, số 2A Đại Cồ Việt, Lê Đại Hành, Hai Bà Trưng, Hà Nội",https://www.sisi.com.vn/vi-vn/,
ABB,Ngân hàng Thương mại cổ phần An Bình,Tài chính và bảo hiểm,"Ngân hàng TMCP An Bình (ABBANK) được thành lập ngày 13/05/1993, với tầm nhìn trở thành một trong những Ngân hàng TMCP hàng đầu Việt Nam tập trung vào lĩnh vực bán lẻ. Theo đuổi chiến lược hoạt động gắn với hiệu quả và bền vững cùng phương châm “lấy sự hài lòng của khách hàng làm trọng tâm trong mọi hoạt động kinh doanh”, trong suốt chặng đường 27 năm phát triển, ABBANK luôn được đánh giá là một Ngân hàng uy tín, là người đồng hành tận tâm, đáng tin cậy của các Khách hàng, Đối tác và Nhà đầu tư.","76 Cách Mạng Tháng Tám, Phường 6, Quận 3, Thành phố Hồ Chí Minh",https://www.abbank.vn/,
AFX,Công ty Cổ phần Xuất nhập khẩu Nông sản Thực phẩm An Giang,Sản xuất thực phẩm,"Được thành lập năm 1990, dựa vào thế mạnh nông nghiệp của Tỉnh là cây lúa vàng, Công ty AFIEX đã khởi đầu sự nghiệp và gặt hái thành công. Là doanh nghiệp có quy mô hoạt động đa ngành nghề trong đó chủ lực là 03 lĩnh vực then chốt: chế biến và xuất khẩu lương thực, thủy sản; sản xuất và tiêu thụ thức ăn chăn nuôi thủy sản. Cùng với các lĩnh vực then chốt này, Công ty còn hoạt động trong chế biến thực phẩm, nhập khẩu và kinh doanh nguyên liệu TĂGS, tổ chức chăn nuôi và hoạt động dịch vụ chăn nuôi...Với sản phẩm chính là gạo, gia cầm và cá, đã mang thương hiệu AFIEX đến với người tiêu dùng trong nước và xuất nhập khẩu qua 42 quốc gia trên thế giới.","Số 2045 Đường Trần Hưng Đạo, Khóm Thạnh An, Phường Mỹ Thới, Thành phố Long Xuyên Tỉnh An Giang",www.afiex.com.vn,
AMS,Công ty Cổ phần Cơ khí xây dựng AMECC,Sản xuất thiết bị,"Công ty cổ phần cơ khí xây dựng AMECC (AMECC) tiền thân là Công ty cổ phần LISEMCO 2 được thành lập ngày 01 tháng 02 năm 2008 theo Giấy phép ĐKKD số 0200786983 do Sở Kế hoạch và Đầu tư Thành phố Hải Phòng. Ngày 25/04/2016, Công ty được đổi tên thành Công ty cổ phần cơ khí xây dựng AMECC. Ngành nghề chính của Công ty là gia công chế tạo – phủ tráng kim loại, xây lắp các thiết bị công nghiệp...","K35 quốc lộ 10, xã Quốc Tuấn, huyện An Lão, thành phố Hải Phòng",www.amecc.com.vn,
ANT,CTCP Rau quả Thực phẩm An Giang,Sản xuất thực phẩm,"Công ty Vật tư Nông nghiệp An Giang, tiền thân của Công ty Dịch vụ Kỹ thuật Nông nghiệp An Giang được thành lập năm 1975. Công ty chính thức hoạt động dưới hình thức CTCP từ 06/2011. Ngành nghề kinh doanh chính: chế biến và bảo quản rau quả, sản xuất món ăn, thức ăn chế biến sẵn, bán buôn nông lâm sản nguyên liệu...","Số 67-71-73 Nguyễn Huệ, phường Mỹ Long, thành phố Long Xuyên, tỉnh An Giang",www.antesco.com,
APF,Công ty Cổ phần Nông sản thực phẩm Quảng Ngãi,Sản xuất thực phẩm,Công ty Cổ phần Nông sản Thực phẩm Quảng Ngãi được thành lập trên cơ sở cổ phần hóa doanh nghiệp Nhà nước là Công ty Nông sản Thực phẩm Quảng Ngãi theo Quyết định số 252/QĐ-UB ngày 25/12/2003 của UBND tỉnh Quảng Ngãi. Công ty hoạt động theo Giấy đăng ký kinh doanh số 3403000019 do Sở Kế hoạch và Đầu tư tỉnh Quảng Ngãi cấp lần đầu ngày 26/12/2003.,"48 Phạm Xuân Hòa, phường Trần Hưng Đạo, thành phố Quảng Ngãi, tỉnh Quảng Ngãi, Việt Nam",http://www.apfco.com.vn,
BCA,Công ty cổ phần B.C.H,Sản xuất các sản phẩm kim loại cơ bản,"Công ty có thời gian hoạt động hơn 16 năm trong ngành, với kinh nghiệm và bề dày hoạt động trên khu vực miền Bắc và uy tín của mình, các sản phẩm phôi thép và thép được các khách hàng lựa chọn tin dùng nhiều năm nay. Mặc dù quy mô Công ty trong ngành thép chỉ ở mức trung bình nhưng Công ty đã tạo dựng được mạng lưới đối tác, khách hàng thường xuyên trong khu vực.","Km 77+500, Kim Liên, Kim Thành, Hải Dương",www.bch.com.vn,
BMS,CTCP Chứng khoán Bảo Minh,Tài chính và bảo hiểm,"Công ty Cổ phần Chứng khoán Bảo Minh (BMS) được thành lập vào năm 2008 bởi Tổng Công ty Cổ phần Bảo Minh. Công ty hoạt động trong lĩnh vực cung cấp các dịch vụ môi giới chứng khoán, tự doanh chứng khoán, tư vấn doanh nghiệp, bảo lãnh phát hành, lưu ký chứng khoán và các dịch vụ liên quan khác. BMS được giao dịch trên thị trường UPCoM từ tháng 08/2018.","Lầu 3 - Tòa nhà PaxSky - 34A Phạm Ngọc Thạch, P.6, Q.3, Tp Hồ Chí Min",www.bmsc.com.vn,
BOT,CTCP BOT Cầu Thái Hà,Xây dựng và Bất động sản,"Với thế mạnh là một doanh nghiệp được thành lập từ các cổ đông là pháp nhân có kinh nghiệm lâu năm trong lĩnh vực thi công xây dựng và năng lực tài chính mạnh, đội ngũ Ban lãnh đạo có kinh nghiệm trong hoạt động quản lý doanh nghiệp và có kiến thức chuyên sâu liên quan đến xây dựng. Công ty đã tham gia và thắng thầu dự án BOT Cầu Thái Hà. Hiện tại Công ty chỉ thực hiện đầu tư triển khai dự án BOT Cầu Thái Hà thuộc địa bàn tỉnh Hà Nam và Thái Bình.","Thôn Phú Vật, xã Tiến Đức, huyện Hưng Hà, tỉnh Thái Bình",botcauthaiha.com.vn,
BSR,CTCP Lọc hóa Dầu Bình Sơn,Sản xuất xăng dầu và than đá,"Công ty TNHH MTV Lọc hóa dầu Bình Sơn được thành lập vào năm 2008. Một năm sau, BSR tổ chức đón dòng thương mại đầu tiên của NMLD Dung Quất. Đây là sự kiện quan trọng, đánh dấu mốc lịch sử ngành Dầu khí Việt Nam. Đến năm 2018, cổ phiếu BSR bắt đầu giao dịch trên hệ thống UPCoM của sở Giao dịch chứng khoáng Hà Nội. BSR có lĩnh vực kinh doanh cốt lõi là sản xuất dầu mỏ tinh chế và buôn bán nhiên liệu rắn, lỏng, khí",Số 208 – Đại lộ Hùng Vương - Tp. Quảng Ngãi - T. Quảng Ngãi,http://www.bsr.com.vn,
BTN,CTCP Gạch Tuy Nen Bình Định,Sản xuất sản phẩm khoáng chất phi kim,"Công ty cổ phần gạch Tuy nen Bình Định được thành lập theo quyết định số 131/2001/QĐ-UB, ngày 28/12/2001 của UBND tỉnh Bình Định, trên cơ sở cổ phần hoá DNNN theo nghị định 44/CP. Công ty luôn luôn đầu tư dây chuyền sản xuất đồng bộ theo công nghệ tiên tiến của Châu Âu. Cùng với đội ngũ công nhân lành nghề, nên năng lực sản xuất hiện tại của nhà máy gạch nung đạt trên 50 triệu viên quy chuẩn/năm; Gạch không nung xi măng cốt liệu 10 triệu viên; Gạch không nung bê tông nhẹ AAC 100.000 m3/năm.",Km 1215 - Quốc lộ 1A - X. Phước Lộc - H. Tuy Phước - T. Bình Định,http://www.tuynenbinhdinh.com.vn/,
BVB,Ngân hàng TMCP Bản Việt,Tài chính và bảo hiểm,"Năm 1992, Ngân hàng Thương mại Cổ phần Gia Định được thành lập. Năm 2007, ký thỏa thuận đầu tư và hợp tác chiến lược với Ngân hàng Ngoại thương Việt Nam (Vietcombank) và tăng vốn điều lệ lên 444,62 tỷ đồng. Ngày 09/07/2020, giao dịch trên thị trường UPCOM. Các lĩnh vực kinh doanh chính bao gồm Huy động vốn ngắn hạn, trung hạn, dài hạn; Tiếp nhận vốn đầu tư và phát triển; Vay vốn các tổ chức tín dụng khác; Chiết khấu ...","Tòa nhà HM Town số 412 Nguyễn Thị Minh Khai - P. 05 - Q. 3, Tp HCM",http://vietcapitalbank.com.vn,
BVG,CTCP GROUP BẮC VIỆT,Sản xuất sản phẩm khoáng chất phi kim,"Công ty Cổ phần Đầu tư BVG tiền thân là Công ty TNHH Thép Bắc Việt, được thành lập ngày 06/03/2000. Công ty hoạt động dưới hình thức CTCP từ ngày 20/06/2008 với tên gọi Công ty Cổ phần Thép Bắc Việt - BVG. Ngành nghề kinh doanh: buôn bán tư liệu sản xuất, tư liệu tiêu dùng; đại lý mua, đại lý bán, ký gửi hàng hóa; môi giới thương mại...",Tầng 1 - Số SH01- Toàn nhà B - Khu đô thị mới Định Công - P. Định Công - Q. Hoàng Mai - Tp. Hà Nội,http://www.bacvietgroup.com,
C4G,CTCP Tập đoàn CIENCO4,Xây dựng và Bất động sản,"Thành lập năm 1962 với tiền thân là Cục công trình - Bộ Giao thông vận tải. Ngày 10/12/2018, cổ phiếu C4G giao dịch trên thị trường UPCoM. Công ty hoạt động chính trong các lĩnh vực Xây dựng các công trình giao thông trong và ngoài nước; Xây dựng các công trình công nghiệp, dân dụng, thủy lợi; Mua bán các sản phẩm xây dựng. Hoạt động đầu tư xây dựng hạ tầng giao thông là hoạt động kinh doanh chính của CIENCO4.",Tầng 10–11 toà nhà ICON4 - 243A đường Đê La Thành - P. Láng Thượng - Q. Đống Đa - Tp. Hà Nội,https://cienco4.vn/,
CBI,CTCP Gang thép Cao Bằng,Sản xuất các sản phẩm kim loại cơ bản,"Công ty Cổ phần Gang thép Cao Bằng được thành lập theo quyết định số 2155/QĐ-HĐQT ngày 05/10/2006 của Hội đồng quản trị Tập đoàn Công nghiệp Than – Khoáng sản Việt Nam với hoạt động kinh doanh chính là sản xuất phôi thép từ quặng sắt được khai thác tại mỏ sắt Nà Rụa thuộc phường Tân Giang, thị xã Cao Bằng, tỉnh Cao Bằng.",Số 52 - Phố Kim Đồng - P. Hợp Giang - Tp. Cao Bằng - T. Cao Bằng,https://gtcb.com.vn/,
CDO,CTCP Tư vấn Thiết kế và Phát triển Đô thị,Buôn bán gỗ xẻ và vật liệu xây dựng khác,Công ty Cổ phần Tư vấn Thiết kế và Phát triển Đô thị (CDDC) được thành lập theo Giấy chứng nhận đăng ký kinh doanh số 0102963747 do Sở Kế hoạch Đầu tư Hà Nội cấp ngày 9/10/2008 với vốn điều lệ ban đầu là 1.8 tỷ đồng. Ngày 09/03/2015 chính thức giao dịch cổ phiếu phiên giao dịch đầu tiên trên sàn giao dịch chứng khoán thành phố HCM với mã chứng khoán CDO.,Số 194 đường Bưởi - P. Cổng Vị - Q. Ba Đình - Tp. Hà Nội,http://cddc.vn,
CEN,CTCP CENCON Việt Nam,Bán buôn hàng tiêu dùng,"Công ty Cổ phần CENCON Việt Nam được thành lập theo Giấy chứng nhận đăng ký kinh doanh số 0107268056 do Sở Kế hoạch và Đầu tư Thành phố Hà Nội cấp ngày 24/12/2015. Hoạt động kinh doanh chính của công ty gồm: - Kinh doanh vàng, bạc, đá quý và khai thác mỏ - Bán buôn các mặt hàng như: Thực phẩm đông lạnh; Sản phẩm chăm sóc sức khỏe, thiết bị vật tư y tế; - Kinh doanh chuỗi văn phòng, khách sạn và nhà hàng ở các tỉnh: Hà Nội, Lào Cai, Hà Tĩnh, Đà Nẵng, Phú Quốc.",Lô 45-50B đường Thủy Hoa - P. Duyên Hải - Tp. Lào Cai - T. Lào Cai,http://cencon.vn/Trang-chu,
CLX,CTCP Xuất nhập khẩu và Đầu tư Chợ Lớn,Bán buôn hàng tiêu dùng,"Công ty Cổ phần Xuất nhập khẩu và Đầu tư Chợ Lớn (CHOLIMEX) gọi tắt là Công ty Cholimex, tiền thân là doanh nghiệp do Nhà nước đầu tư 100% vốn điều lệ và hoạt động theo mô hình Công ty mẹ - Công ty con, trực thuộc Ủy ban nhân dân Thành phố Hồ Chí Minh được thành lập vào ngày 15/04/1981. Ngành nghề kinh doanh chính bao gồm Phát triển kinh doanh hạ tầng khu công nghiệp; Sản xuất, chế biến, phân phối và xuất khẩu lương thực",Số 631 - 633 Nguyễn Trãi - P. 11 - Q. 5 - Tp. HCM,http://www.cholimex.com.vn/,
CST,CTCP Than Cao Sơn - TKV,Khai khoáng,"Công ty cổ phần Than Cao Sơn - Vinacomin, trước đây là Xí nghiệp Xây dựng Mỏ than Cao Sơn, được thành lập ngày 06. 06. 1974 do Liên xô thiết kế và xây dựng. Ngày 21 tháng 11 năm 2008 cổ phiếu của Công ty được niêm yết trên Trung tâm giao dịch chứng khoán Hà Nội với mã chứng khoán: TCS. Ngành nghề kinh doanh: khai thác thu gom than cứng; vận tải hàng hóa bằng đường bộ; thoát nước và xử lý nước thải; sản xuất cấu kiện kim loại...",Tổ 1 - Khu Cao Sơn 2 - P. Cẩm Sơn - Tp. Cẩm Phả - T. Quảng Ninh,http://www.thancaoson.com.vn/,
CTR,Tổng Công ty cổ phần Công trình Viettel,Công nghệ và thông tin,"Tổng Công ty CP Công trình Viettel (Viettel Construction) được thành lập vào năm 1995, là một thành viên thuộc hệ sinh thái của Tập đoàn Công nghiệp – Viễn thông Quân đội. Trải qua nhiều giai đoạn xây dựng và phát triển, Viettel Construction mang trong mình khát vọng trở thành nhà đầu tư, vận hành, cung cấp công trình thông minh, hiệu quả cao nhất thông qua 5 lĩnh vực kinh doanh chính: Đầu tư hạ tầng cho thuê; Xây dựng (bao gồm xây dựng hạ tầng viễn thông, xây dựng dân dụng B2B và B2C); Công nghệ thông tin; Giải pháp tích hợp và Vận hành khai thác. Với mong muốn thúc đẩy cuộc cách mạng công nghiệp 4.0 đến các doanh nghiệp, hộ gia đình với các cam kết: chuyên nghiệp, chất lượng và chi phí cạnh tranh. Viettel Construction không ngừng nỗ lực mang đến những trải nghiệm mới, sự tiện nghi trong cuộc sống hiện đại của người Việt.",Số 1 Giang Văn Minh - P. Kim Mã - Q. Ba Đình - Tp. Hà Nội,http://congtrinhviettel.com.vn/,
DDV,CTCP DAP-VINACHEM,"Sản xuât hóa chất, dược phẩm","Năm 2008, Công ty Cổ phần DAP-VINACHEM, tiền thân là Công ty TNHH MTV DAP-VINACHEM), được thành lập. Lĩnh vực kinh doanh chính của công ty bao gồm Sản xuất phân bón và hợp chất nitơ; Sản xuất hóa chất cơ bản. DDV là doanh nghiệp đầu tiên tại Việt Nam sản xuất phân bón DAP. Thị phần công ty chiếm khoảng 30%. Sản phẩm của công ty được tiêu thụ rộng khắp cả nước.",Lô GI-7 - KKT Đình Vũ - P.Đông Hải 2 - Q.Hải An - Tp.Hải Phòng,http://www.dap-vinachem.com.vn,
DFF,CTCP Tập đoàn Đua Fat,Xây dựng và Bất động sản,Công ty Cố phần Tập đoàn Đua Fat tiền thân là Công ty cổ phần Nền móng Đua Fat là công ty cố phần được thành lập và hoạt động theo Giấy chứng nhận đăng ký doanh nghiệp lần đầu số 0103038704 ngày 29/06/2009 và Giấy chứng nhận đăng ký doanh nghiệp thay đổi từ lần thứ 01 đến lần thứ 11 do Sở Kế hoạch và Đầu tư Thành phố Hà Nội cấp.,Số 15 - Liền kề 10 - Khu đô thị Xa La - P. Phúc La - Q. Hà Đông - Tp. Hà Nội,https://duafat.com.vn/,
DGT,CTCP Công trình Giao thông Đồng Nai,Xây dựng và Bất động sản,"Công ty Công ty cổ phần công trình giao thông Đồng Nai là doanh nghiệp trực thuộc Công ty phát triển KCN Biên Hòa (Sonadezi), được thành lập từ ngày 18/1/1977,tiền thân là Công ty Thi Công Cầu Đường. Công ty chính thức hoạt động dưới hình thức CTCP từ tháng 12/2005. ngành nghề kinh doanh: xây dựng các công trình giao thông, dân dụng và công nghiệp; quản lý duy tu và sửa chữa cầu đường bộ; xây dựng hạ tầng khu dân cư;...",200 Nguyễn Ái Quốc - P.Trảng Dài - Tp.Biên Hòa - T.Đồng Nai,http://www.dgtc.vn,
DRI,CTCP Đầu tư Cao su Đắk Lắk,"Sản xuất hóa chất, dược phẩm",Công ty Cổ phần đầu tư cao su Đắk Lắk được thành lập theo đề án thành lập củ Công ty mẹ là Công ty TNHH MTV cao su Đắk Lắk (DAKRUCO) và được UBND tỉnh Đắk Lắk phê duyệt tại Quyết định số 2460/QĐ-UBND ngày 23/09/2011 về Phê duyệt Đề án thành lập Công ty CP của Công ty TNHH MTV Cao su Đắk Lắk và dự thảo điều lệ Công ty.,Số 30 đường Nguyễn Chí Thanh - P. Tân An - TP. Buôn Ma Thuột - T. Đắk Lắk,http://dri.com.vn,
DVN,Tổng Công ty Dược Việt Nam - CTCP,"Sản xuất hóa chất, dược phẩm","Tổng công ty Dược Việt Nam (VINAPHARM) tiền thân là Tổng công ty Dược, được thành lập vào tháng 4 năm 1971 trên cơ sở sát nhập 3 Cục trực thuộc Bộ y tế: Cục phân phối dược phẩm, cục dược liệu, cục sản xuất. Vinapharm là 1 trong 3 đơn vị tại Việt Nam được Bộ Y tế cho phép thực hiện nghiên cứu tương đương sinh học (BA/BE).",Số 12 Ngô Tất Tố - P. Văn Miếu - Q. Đống Đa - Hà Nội,http://vinapharm.com.vn,
EIN,CTCP Đầu tư - Thương mại - Dịch vụ Điện Lực,Dịch vụ lưu trú và ăn uống,"Công ty Cổ phần Đầu tư Thương mại Dịch vụ Điện lực (Power Investment – Trade – Service joint stock company), tên viết tắt là PIST, được thành lập vào ngày 15/08/2007. Trụ sở đặt tại số 04 Nguyễn Siêu, phường Bến Nghé, Quận 01, TP.Hồ Chí Minh. Cùng với tiến trình hội nhập Tổ chức Thương Mại Thế Giới – WTO và xu hướng toàn cầu hóa hiện nay, Công ty đã định hướng và lập kế hoạch phát triển cho một doanh nghiệp đa chức năng, đa ngành nghề với đầy đủ các yếu tố nhân lực – trí lực – vật lực để đảm bảo khả năng đáp ứng kịp thời những nhu cầu ngày càng cao của nhịp sống đương đại.",Số 04 Nguyễn Siêu - P. Bến Nghé - Q. 1 - Tp. HCM,http://www.ecinvest.vn,
EVF,Công ty Tài chính Cổ phần Điện lực,Tài chính và bảo hiểm,"Công ty Tài chính Cổ phần Điện lực được thành lập năm 2008 với vốn điều lệ ban đầu là 2,500 tỷ đồng. Năm 2018, cổ phiếu EVF giao dịch trên thị trường UPCOM. Công ty hiện đang hoạt động trong các lĩnh vực chính bao gồm Huy động vốn; Cho vay ngắn hạn, trung hạn, dài hạn; Chiết khấu thương phiếu, trái phiếu và giấy tờ có giá. Công ty có tại trụ sở Hà Nội và 2 chi nhánh ở Đà Nẳng, TP.HCM. Ngoài ra, công ty cũng tiếp cận,..","Tầng 14, 15 và 16 Tháp B - tòa nhà EVN Số 11 đường Cửa Bắc - P. Trúc Bạch - Q. Ba Đình - Tp. Hà Nội",http://www.evnfc.vn,
G36,Tổng Công ty 36 - CTCP,Xây dựng và Bất động sản,"Tổng Công ty 36 - CTCP là một trong những doanh nghiệp xây dựng hàng đầu của Quân đội hiện nay, được thành lập theo quyết định số 3036 QĐ-BQP ngày 23/8/2011 của Bộ trưởng Bộ Quốc phòng trên cơ sở chuyển đổi từ Công ty trách nhiệm hữu hạn một thành viên Đầu tư Xây lắp và Thương mại 36 (tiền thân là Xí nghiệp Xây lắp 36 thành lập tháng 4/1996). Ngành nghề chính là Xây dựng các công trình dân dụng, công nghiệp, công trình cấp thoát nước...",Số 141 Hồ Đắc Di - P. Nam Đồng - Q. Đống Đa - Tp. Hà Nội,http://www.36corporation.vn,
HAC,CTCP Chứng khoán Hải Phòng,Tài chính và bảo hiểm,"Công ty Cổ phần Chứng khoán Hải Phòng được thành lập vào ngày 05/09/2003. Năm 2015, Công ty hủy niêm yết tại Sở Giao dịch Chứng khoán Hà nội để tiến hành hợp nhất với Công ty Cổ phần Chứng khoán Á Âu. Công ty tham gia vào các lĩnh vực môi giới, tự doanh và tư vấn đầu tư chứng khoán. HAC được giao dịch trên thị trường UPCoM từ tháng 10/2016. Công ty có trụ sở chính ở Hải Phòng và có 2 chi nhánh ở Hà Nội và Thành phố Hồ Chí Minh",Số 24 Cù Chính Lan - Q.Hồng Bàng - Tp.Hải phòng,http://www.haseco.vn,
HD6,CTCP Đầu tư và Phát triển Nhà Số 6 Hà Nội,Xây dựng và Bất động sản,"Với phương châm "" hợp tác thân thiện- hướng tới thành công"", trải qua gần 30 năm xây dựng và phát triển, Handico 6 từ một đơn vị sửa chữa nhà cửa bé nhỏ ban đầu đã có những bước tiến và trưởng thành vượt bậc nhằm đáp ứng những yêu cầu đổi mới của nền kinh tế thị trường trong lĩnh vực xây dựng và kinh doanh nhà ở của thành phố.",Tầng 6A - Tòa nhà Diamond Flower - Số 48 - Đường Lê Văn Lương - P. Nhân Chính - Q. Thanh Xuận - Tp. Hà Nội,http://handico6.com.vn,
HHV,CTCP Đầu tư Hạ tầng Giao thông Đèo Cả,Xây dựng và Bất động sản,"Công ty cổ phần Đầu tư hạ tầng giao thông Đèo Cả được thành lập năm 1974, tiền thân là Xưởng Thống Nhất. Năm 2015, cổ phiếu công ty giao dịch trên thị trường UPCoM. Công ty là một trong những tập đoàn đa ngành hàng đầu Việt Nam với hơn 30 công ty thành viên và liên kết, có năng lực, kinh nghiệm trong lĩnh vực đầu tư tài chính, kinh doanh bất động sản, năng lượng tái tạo và đầu tư xây dựng công trình, xây dựng hạ tầng...",Km11+500 tuyến đường dẫn phía Nam hầm Hải Vân - P. Hòa Hiệp Bắc - Q. Liên Chiểu - Tp. Đà Nẵng,http://hhv.com.vn/,
HMS,CTCP Xây dựng Bảo tàng Hồ Chí Minh,Xây dựng và Bất động sản,"Tiền thân của Công ty CP Xây dựng Bảo tàng Hồ Chí Minh chính là Công trường Xây dựng Lăng Chủ tịch Hồ Chí Minh, được thành lập năm 1975 sau khi khánh thành Lăng Chủ tịch Hồ Chí Minh, với tên gọi ban đầu là Công ty xây dựng 75808. Hiện nay, Công ty đang hoạt động theo Giấy Chứng nhận đăng ký kinh doanh do Sở Kế hoạch và Đầu tư TP Hà Nội cấp với vốn điều lệ thực góp 80.000.000.000 đồng.",Số 381 Đội Cấn - P. Liễu Giai - Q. Ba Đình - Tp. Hà Nội,http://www.hcmcc.com.vn/,
HSV,CTCP Gang thép Hà Nội,Sản xuất các sản phẩm kim loại cơ bản,"Công ty Cổ Phần Gang Thép Hà Nội hoạt động trong lĩnh vực bán buôn phế liệu, phế thải kim loại, phi kim loại; bán buôn hóa chất công nghiệp. Với tư duy không ngừng đổi mới và sáng tạo để mang lại sản phẩm tốt nhất đến người tiêu dùng.",Số 68 - Đường Lưu Hữu Phước - P. Cầu Diễn - Q. Nam Từ Liêm - Tp. Hà Nội,https://gangthephanoi.com/,
HTE,CTCP Đầu tư Kinh doanh Điện lực Thành phố Hồ Chí Minh,Xây dựng và Bất động sản,"Công ty Cổ phần Đầu tư Kinh doanh Điện lực TP.HCM (tên gọi tắt TRADINCORP), được thành lập theo giấy phép đăng ký kinh doanh số 0305173790 ngày 07/09/2007 với tổng vốn điều lệ 450 tỷ đồng. Công ty được sáng lập bởi 07 Cổ đông là những đơn vị có uy tín trong nhiều lĩnh vực gồm: Công ty Điện lực TP.HCM, Công ty Điện lực 2, Tổng công ty Địa ốc Sài Gòn, Công ty Cổ phần dịch vụ Tổng hợp Sài Gòn, Công ty Cổ Phần Siêu Thanh, Công ty Cổ Phần Bảo hiểm Viễn Đông, Công ty Cổ Phần Quản lý và Đầu tư Tín Thác Á Châu.",14A Đường số 85 - KP. 1 - P. Tân Quy - Q.7 - Tp. HCM,http://www.hcmpc-tradincorp.com,
HU4,CTCP Đầu tư và Xây dựng HUD4,Xây dựng và Bất động sản,"Công ty Cổ phần Đầu tư và Xây dựng HUD4 là đơn vị thành viên của Tổng công ty Đầu tư Phát triển Nhà và Đô thị, tiền thân là Trạm cung ứng vật tư xây dựng được thành lập năm 1978 thuộc Công ty Xây dựng tỉnh Thanh Hóa. Ngành nghề kinh doanh: thi công các công trình dân dụng, công nghiệp, giao thông, thủy lợi, bưu chính viễn thông, đường dây, trạm biến áp...",Số 662 Bà Triệu - P. Điện Biên - Tp. Thanh Hóa - T. Thanh Hóa,http://hud4.vn/,
ILA,CTCP ILA,Vận tải và kho bãi,"Công ty cổ phần ILA được thành lập ngày 18/09/2014 với tên ban đầu là công ty cổ phần Đầu tư công nghệ Trường Thịnh với số vốn 21 tỷ đồng kinh doanh trong các lĩnh vực chính là nông nghiệp, cơ điện, xây dựng, …",Số 20 Đường 20 - KP. 2 - P. An Khánh - Tp. Thủ Đức - Tp. HCM,http://www.ilagroup.com.vn/,
KHB,CTCP Khoáng sản Hòa Bình,Khai khoáng,"Công ty cổ phần Khoáng sản Hòa Bình là đơn vị sản xuất, buôn bán, lắp đặt các loại trang thiết bị và sản phẩm khoáng sản chất lượng cao nhiều chủng loại.Được thành lập với phương châm luôn thỏa mãn nhu cầu của khách hàng, Công ty CP khoáng sản Hòa Bình luôn nỗ lực hoàn thiện và phát triển để trờ thành một trong những nhà cung cấp hàng đầu Việt Nam, sẵn sàng đáp ứng nhu cầu của Quý khách hàng.",Xóm Chùa - X. Thống Nhất - Tp. Hòa Bình - T. Hòa Bình,http://khb.com.vn/,
KLB,Ngân hàng TMCP Kiên Long,Tài chính và bảo hiểm,"Ngân hàng Kiên Long chính thức đi vào hoạt động năm 1995, Kienlongbank triển khai đa dạng hóa các sản phẩm dịch vụ nhiều tiện ích, nhằm nâng cao chất lượng dịch vụ cung ứng cho khách hàng như: Huy động vốn ngắn, trung và dài hạn theo các hình thức tiền gửi tiết kiệm, tiền gửi thanh toán, chứng chỉ tiền gửi. Cấp tín dụng dưới hình thức cho vay, bảo lãnh, bao thanh toán, chiết khấu, tái chiết khấu giấy tờ có giá",40-42-44 Phạm Hồng Thái - P. Vĩnh Thanh Vân - Tp. Rạch Giá - T. Kiên Giang,http://www.kienlongbank.com,
KSH,CTCP DAMAC GLS,Khai khoáng,Tập đoàn khoáng sản Hamico tiền thân là một doanh nghiệp Nhà nước được thành lập từ tháng 10 năm 1967. Công ty chuyển đổi thành Công ty Cổ phần theo quyết định số 0603000007 ngày 13 tháng 09 năm 2000 do Sở Kế hoạch và Đầu tư tỉnh Hà Nam cấp và được chuyển đổi từ Tỏng công ty cổ phần khoáng sản Hà Nam từ tháng 10 năm 2009 theo đăng ký kinh doanh số 0700189368 của SKH và ĐT tỉnh Hà Nam cấp.,Số 99 An Trạch - P. Quốc Tử Giám - Q. Đống Đa - Tp. Hà Nội,http://damac.com.vn/,
LMH,CTCP Quốc Tế Holding,Bán buôn hàng tiêu dùng,"Công ty cổ phần Landmark Holding (Landmark Holding JSC) tiền thân là Công ty cổ phần Dịch vụ tổng hợp Dầu khí Thăng Long được thành lập vào 24/05/2012, là một trong những công ty tiên phong trong lĩnh vực kinh doanh các sản phẩm xăng dầu. Khởi đầu với lĩnh vực kinh doanh xăng dầu đến nay, Công ty đã xây dựng mạng lưới phân phối rộng khắp cả nước, là đối tác chiến lược của Petrolimex, Pv Oil",Số 45 đường An Phú - P. An Phú - Tp. Thủ Đức - Tp. HCM,https://quocteholding.vn/,
LPT,CTCP Thương mại và Sản xuất Lập Phương Thành,Bán buôn kim loại và khoáng sản,"Qua hơn mười năm xây dựng và phát triển, từ một cơ sở dạy nghề nhỏ, đến nay Lập Phương Thành đã trở thành Trung tâm hàng đầu tại Hải Dương với đầy đủ cơ sở vật chất đạt tiêu chuẩn quốc gia, là đơn vị đào tạo, sát hạch lái xe đạt cả 2 tiêu chí chất lượng và số lượng học viên đào tạo / năm. Lưu lượng hiện nay đơn vị được cấp phép là 2.999 học viên với quy mô đào tạo khoảng 8.600 học viên...",Số 822 - Đại lộ Lê Thanh Nghị - P. Hải Tân - Tp. Hải Dương - T. Hải Dương,http://lapphuongthanh.vn/,
LTG,CTCP Tập đoàn Lộc Trời,"Sản xuất hóa chất, dược phẩm","Tập đoàn Lộc Trời - tiền thân là Công ty cổ phần bảo vệ thực vật An Giang (AGPPS) là nhà sản xuất, cung ứng dịch vụ dẫn đầu thị trường Việt Nam trong lĩnh vực nông nghiệp, với chuỗi giá trị bền vững từ nghiên cứu, sản xuất, kinh doanh các sản phẩm hạt giống, thuốc bảo vệ thực vật, các sản phẩm hữu cơ sinh học.",Số 23 - Đường Hà Hoàng Hổ - P. Mỹ Xuyên - Tp. Long Xuyên - T. An Giang,http://loctroi.vn/,
MLS,CTCP Chăn nuôi - Mitraco,Sản xuất nông nghiệp,"CTCP Chăn nuôi - Mitraco là đơn vị thành viên của Tổng công ty Khoáng sản và Thương mại Hà Tĩnh - CTCP. Công ty chính thức được thành lập vào năm 2004. Trải qua hơn 10 năm hình thành và phát triển, đến nay công ty là một trong những doanh nghiệp chăn nuôi có quy mô lớn và hiện đại của khu vực miền Trung. Hiện tại, công ty không ngừng mở rộng quy mô sản xuất, mở rộng thị trường, tăng thị phần, mục tiêu nâng cao hiệu quả hoạt động sản xuất kinh doanh.",Xóm Vĩnh Cát - X. Thạch Vĩnh - H. Thạch Hà - T. Hà Tĩnh,http://www.channuoimitraco.com.vn,
MPC,CTCP Tập đoàn Thủy sản Minh Phú,Sản xuất thực phẩm,"Minh Phú là tập đoàn thuỷ sản số 1 Việt Nam và hàng đầu trên thế giới. Sản phẩm của chúng tôi hiện đang có mặt tại hơn 50 quốc gia và vùng lãnh thổ, với doanh thu trên 10,000 tỷ VNĐ mỗi năm.Thông qua việc sở hữu các chuỗi giá trị khép kín và có trách nhiệm; Minh Phú đặt mục tiêu xây dựng một hệ sinh thái hoàn chỉnh, mang lại những giá trị tốt đẹp cho tất cả các thành viên liên quan, đưa Việt Nam lên bản đồ thế giới với vị thế là nhà cung ứng tôm chất lượng hàng đầu.",KCN P. 8 - Tp. Cà Mau - T. Cà Mau,http://www.minhphu.com,
MSR,CTCP Masan High-Tech Materials,Khai khoáng,"Công ty được thành lập năm 2010 với mục tiêu thực hiện hoạt động khai thác khoáng sản và tài nguyên của Tập đoàn Masan. Ngày 01/03/2014, Dự án Núi Pháo bắt đầu sản xuất thương mại. Ngày 17/09/2015, doanh nghiệp chính thức được giao dịch trên thị trường UPCOM. Năm 2020, đổi tên thành Công ty Cổ phần Masan High-Tech Materials và tăng vốn điều lệ lên 10,991,554,200,000 đồng.",Phòng 802 tầng 8 - Tòa nhà Central Plaza - Số 17 Lê Duẩn - P. Bến Nghé - Q. 1 - Tp. Hồ Chí Minh,https://masangroup.com/masanresources/about-us/overview,
MVC,CTCP Vật liệu và Xây dựng Bình Dương,"Bán buôn máy móc, thiết bị và vật tư","Ngày 31/12/1975, Công ty Cổ phần Vật liệu và Xây dựng Bình Dương được thành lập với tiền thân là Xí Nghiệp Sản Xuất và Xuất Nhập Khẩu Vật Liệu Xây Dựng Tỉnh Sông Bé. Qua các lần đổi tên, Công ty mang tên là Công ty Vật liệu và Xây dựng Bình Dương. Hiện công ty có 02 nhà máy sản xuất gạch đất sét nung với công suất 60 triệu viên/năm. M&C Bình Dương là thương hiệu uy tín trong lĩnh vực sản xuất kinh doanh vật liệu xây dựng.",Số 306 - Đường ĐT 743 - P. Bình Thắng - Tx. Dĩ An - Tỉnh Bình Dương,http://www.vlxdbd.com.vn/,
NAB,Ngân hàng TMCP Nam Á,Tài chính và bảo hiểm,"Ngân hàng Nam Á thuộc nhóm ngân hàng tầm trung của ngành với hoạt động tập trung chủ yếu ở khu vực TP. HCM và các tỉnh phía nam. Trong thời gian qua, Ngân hàng Nam Á đã phát triển và mở rộng thị phần, đạt nhiều giải thưởng từ các tổ chức uy tín trong và ngoài nước. Với nhận thức rằng một trong những lý do chủ chốt tạo nên thành công cho một nagan hàng chính là niềm tin của khách hàng, Ngân hàng Nam Á đã nỗ lực phấn đấu, không ngừng nghiên cứu và thực hiện nhiều chính sách đổi mới về nhân sự, hiện đại hóa công nghệ thông tin,... nhằm mang lại lợi ích cao nhất cho khách hàng sử dụng sản phẩm.","Số 201 – 203 Cách mạng Tháng Tám, phường 4, quận 3, thành phố Hồ Chí Minh",www.namabank.com.vn,
NDT,Tổng Công ty cổ phần Dệt May Nam Định,Sản xuất các sản phẩm dệt,"Tổng công ty Cổ phần Dệt May Nam Định tiền thân là Nhà máy Sợi Nam Định, được thành lập năm 1889, tới năm 1954 được Nhà nước tiếp quản và đổi tên thành Nhà máy Liên hợp Dệt Nam Định.",Số 43 Tô Hiệu - P.Ngô Quyền - TP.Nam Định - T.Nam Định,http://natexco.com.vn,
NED,CTCP Đầu tư và Phát triển Điện Tây Bắc,,"Công ty Cổ phần Đầu tư và Phát triển Điện Tây Bắc sau đây gọi tắt là ""Công ty"" được thành lập vào ngày 16/06/2006, hoạt động theo Luật Doanh nghiệp và được Sở Kế hoạch và Đầu tư tỉnh Sơn La cấp Giấy chứng nhận Đăng ký kinh doanh (GCNĐKKD) số 5500271984 do Sở Kế hoạch và Đầu tư tỉnh Sơn La cấp lần đầu ngày 16/6/2006, đăng ký thay đổi lần thứ 14 ngày 26/06/2017.",Bản Pá Công - X. Huổi Một - H. Sông Mã - T. Sơn La,http://ned.vn,
OIL,Tổng Công ty Dầu Việt Nam - CTCP,Bán buôn dầu và các sản phẩm dầu khí,"Tổng Công ty Dầu Việt Nam (PVOIL) là đơn vị thành viên trực thuộc Tập đoàn Dầu khí Quốc gia Việt Nam, được thành lập theo Quyết định số 1250/QĐ-DKVN ngày 06/06/2008 của Tập đoàn trên cơ sở hợp nhất Tổng Công ty Thương mại Dầu khí (Petechim - thành lập tháng 04/1994) và Công ty Chế biến và Kinh doanh Sản phẩm dầu (PDC - thành lập tháng 04/1996).",Tầng 14-17 - Tòa nhà PetroVietnam Tower - Số 1-5 Lê Duẩn - P. Bến Nghé - Q. 1 - Tp. Hồ Chí Minh,https://www.pvoil.com.vn/,
PAS,CTCP Quốc tế Phương Anh,Sản xuất các sản phẩm kim loại cơ bản,"Công ty Cổ phần Quốc tế Phương Anh (PAS) thành lập vào năm 2010, là công ty thép hàng đầu của Việt Nam chuyên cung cấp các chủng loại thép và sản phẩm kim loại như thép không gỉ, thép cán nóng, thép cán nguội, thép mạ, thép silic,.... Chúng tôi có trụ sở và nhà máy đặt tại Hưng Yên và các chi nhánh tại Hà Nội, thành phố Hồ Chí Minh.",Tổ dân phố Phú Mỹ - P. Phùng Chí Kiên - TX. Mỹ Hào - T. Hưng Yên,http://www.phuonganhgroup.com.vn,
PFL,CTCP Dầu khí Đông Đô,Xây dựng và Bất động sản,"Công ty là doanh nghiệp mới nhưng đã nhanh chóng vươn lên trở thành doanh nghiệp có uy tín trong ngành kinh doanh bất động sản nói chung và lĩnh vực đầu tư kinh doanh các dịch vụ về nhà ở, khu đô thị nói riêng. Về tất cả các mặt như: Thương hiệu, Quy mô, Công nghệ, Thị trường, Chiến lược phát triển, Trình độ tay nghề và Kinh nghiệm của người lao động… Công ty khẳng định sánh ngang hàng với các đơn vị mạnh khác trong cùng ngành",Tầng 2 Tòa nhà Dolphin Plaza - 28 Trần Bình - Q.Nam Từ Liêm - Tp.Hà Nội,http://www.daukhidongdo.vn,
PGB,Ngân hàng TMCP Xăng dầu Petrolimex,Tài chính và bảo hiểm,"Ngân hàng TMCP Xăng dầu Petrolimex là một trong những ngân hàng được thành lập lâu đời từ năm 1993. Trải qua 27 năm hình thành và phát triển, PGBank đã xây dựng được thương hiệu và vị thế riêng trên thị trường tài chính ngân hàng, đặc biệt với hệ thống các doanh nghiệp xăng dầu. Định hướng trở thành một trong những ngân hàng TMCP đa năng tại VN thực hiện cung cấp các dịch vụ tài chính ngân hàng chất lượng cao dựa trên đội ngũ nhân viên nhiệt tình, chuyên nghiệp và một nên tảng công nghệ hiện đại, trong đó ưu tiên tập trung và áp dụng chiến lược khác biệt hóa để trở thành ngân hàng hàng đầu tại những lĩnh vực, dịch vụ mà PGBank có lợi thế cạnh tranh","Tầng 16, 23, 24 Tòa nhà Mipec 229 Tây Sơn, phường Ngã Tư Sở, quận Đống Đa, thành phố Hà Nội",http://www.pgbank.com.vn,
PGV,Tổng Công ty Phát điện 3 - CTCP,"Phát, truyền tải và phân phối điện năng","Tổng Công ty Phát điện 3 được thành lập năm 2012 của Bộ Công Thương trên cơ sở tổ chức sắp xếp lại Công ty TNHH một thành viên Nhiệt điện Phú Mỹ, các công ty phát điện hạch toán phụ thuộc, các ban quản lý dự án nguồn điện và tiếp nhận quyền đại diện chủ sở hữu vốn Nhà nước tại một số công ty phát điện thuộc Tập đoàn Điện lực Việt Nam đang hoạt động theo luật doanh nghiệp.",Số 60-66 đường Nguyễn Cơ Thạch - Khu đô thị Sala - P. An Lợi Đông - Tp. Thủ Đức - Tp. HCM,http://www.genco3.com/,
PRT,Tổng Công ty Sản xuất - Xuất nhập khẩu Bình Dương - CTCP,Sản xuất khác,"Tổng Công ty Sản xuất - Xuất nhập khẩu Bình Dương, tiền thân là Xí nghiệp sản xuất hàng cao su 3-2 Sông Bé, được thành lập theo Quyết định số 06/QĐ-TU ngày 20/10/1982 của Tỉnh ủy Sông Bé. Xí nghiệp ra đời theo chủ trương của Đảng nhằm đóng góp cho ngân sách Đảng bộ địa phương. Dựa vào thế mạnh về tài nguyên của tỉnh là cao su và bột đất cao lanh - nguyên liệu chính để sản xuất dép xốp cao su đi biển, Xí nghiệp đã chọn làm sản phẩm chủ lực để xuất khẩu sang thị trường Liên Xô và các nước XHCN.",A128 - Đường 3-2 - P. Lái Thiêu - Tx. Thuận An - Bình Dương,http://protrade.com.vn/,
PVM,CTCP Máy - Thiết bị Dầu khí,"Sản xuất thiết bị, máy móc ","Tổng Công ty Xuất nhập khẩu Máy được thành lập năm 1956. Công ty hoạt động chính trong các lĩnh vực Cung cấp vật tư, thiết bị, lắp đặt, vận hành cho các công trình trong và ngoài ngành Dầu khí; Gia công, chế tạo phụ tùng cho công tác bảo dưỡng, sửa chữa các công trình ngành dầu khí; Cung cấp nguyên vật liệu cho sản xuất công nghiệp, dân dụng và dịch vụ; Xuất khẩu lao động.",Số 8 Phố Tràng Thi - P. Hàng Trống - Q. Hoàn Kiếm - Hà Nội,http://pvmachino.vn,
PVP,CTCP Vận tải Dầu khí Thái Bình Dương,Vận tải và kho bãi,"Công ty cổ phần Vận tải dầu khí Thái Bình Dương được thành lập ngày 28/01/2008 với VĐL ban đầu là 1.200.000.000 đồng.Tháng 10/2016 đánh dấu mốc thời gian quan trọng đối với Công ty, đóng góp cùng với Tổng công ty PVTrans đã thực hiện vận chuyển thành công 600 chuyến dầu thô an toàn hiệu quả cho Nhà máy lọc dầu Dung Quất, góp phần đảm bảo đầu vào cho nhà máy hoạt động liên tục và hiệu quả.",Tầng 3 - Tòa nhà PVFCCo - Số 43 - Mạc Đĩnh Chi - P. Đa Kao - Q. 1- Tp. HCM,http://pvtranspacific.com/,
PXT,CTCP Xây lắp Đường ống Bể chứa Dầu khí,Xây dựng và Bất động sản,"Tiền thân của Công ty là Công ty TNHH một thành viên Xây lắp Đường ống Bồn bể Dầu khí được thành lập theo Quyết định số 02/QĐ-HĐQT-TCT ngày 21/12/2007 của Hội đồng quản trị Tổng Công ty Xây lắp Dầu khí Việt Nam.Theo Quyết định số 963/QĐ-XLDK ngày 16/11/2009 của Hội đồng quản trị Tổng Công ty Cổ phần Xây lắp Dầu khí Việt Nam, Công ty TNHH một thành viên Xây lắp Đường ống Bồn bể Dầu khí được chuyển đổi sang mô hình Công ty Cổ phần và lấy tên gọi là Công ty Cổ phần Xây lắp Đường ống Bể chứ Dầu khí (PVC-PT). 1.6.2010 chính thức niêm yết trên HOSE",Số 35G Đường 30/4 - P.9 - TP.Vũng Tàu - T.Bà Rịa Vũng Tàu,http://dobc.vn/,
QNS,CTCP Đường Quảng Ngãi,Sản xuất thực phẩm ,"Công ty Cổ phần Đường Quảng Ngãi tiền thân là Công ty Đường Quảng Ngãi thuộc Bộ Nông nghiệp và Phát triển Nông thôn được thành lập trên cơ sở cổ phần hóa doanh nghiệp Nhà nước theo quyết định số 2610/QĐ/BNN-ĐMDN ngày 30/9/2005. Nghành nghề kinh doanh chính gồm: Công nghiệp chế biến đường, mật, thực phẩm, đồ uống, bao bì; Khai thác , sản xuất chế biến và kinh doanh nước khoáng",Số 02 Nguyễn Chí Thanh - P. Quảng Phú - Tp. Quảng Ngãi - T. Quảng Ngãi,http://www.qns.com.vn,
QTP,CTCP Nhiệt điện Quảng Ninh,"Phát, truyền tải và phân phối điện năng","Ngày 04/02/2002, Công ty Cổ phần Nhiệt điện Quảng Ninh được thành lập bởi Thủ tướng Chính phủ theo Thông báo số 20/VPCP-TB. Ngày 12/05/2009, tổ máy số 1 của Dự án Nhiệt điện Quảng Ninh 1 đã chính thức được hòa đồng bộ lần đầu vào lưới điện quốc gia. Ngày 01/07/2011, hai tổ máy của Nhà máy Nhiệt điện Quảng Ninh 1 chính thức tham gia thị trường phát điện cạnh tranh.",Tổ 33 - Khu 5 - P. Hà Khánh - Tp. Hạ Long - T. Quảng Ninh,http://www.quangninhtpc.com.vn/,
SBS,CTCP Chứng khoán Ngân hàng Sài Gòn Thương Tín,Tài chính và bảo hiểm,"Công ty Cổ phần Chứng khoán Ngân hàng Sài Gòn Thương Tín (SBS) được thành lập vào năm 2006. Từ năm 2009, Công ty chuyển hướng phát triển theo mô hình Ngân hàng đầu tư và trở thành công ty chứng khoán đầu tiên tại Việt Nam cung cấp đầy đủ tất cả các nghiệp vụ của một Ngân hàng đầu tư. Trong đó, Công ty tập trung vào lĩnh vực môi giới, tư vấn doanh nghiệp, bảo lãnh phát hành, công tác nghiên cứu,..",278 Nam Kỳ Khởi Nghĩa - P. Võ Thị Sáu - Q.3 - Tp.HCM,http://www.sbsc.com.vn,
SD3,CTCP Sông Đà 3,"Phát, truyền tải và phân phối điện năng","Công ty Cổ phần Sông Đà 3 tiền thân là Công ty xây dựng trường Đảng Campuchia, được thành lập theo quyết định ngày 26/03/1993 của Bộ xây dựng. Công ty chính thức hoạt động dưới hình thức CTCP từ ngày 26/05/2005. Ngành nghề kinh doanh: xây dựng công trình dân dụng, công nghiệp, giao thông, thủy lợi...; thi công đường dây, trạm biến thế điện...",Số 105 Phạm Văn Đồng - P.Thống Nhất - Tp.Pleiku - T.Gia Lai,http://songda3.vn/,
SD7,CTCP Sông Đà 7,Xây dựng và Bất động sản,"Công ty cổ phần Sông Đà 7 tiền thân là Công ty Sông Đà 7- Đơn vị thành viên của Tổng công ty Sông được thành lập tháng 8 năm 1976 tại Công trường xây dựng Nhà máy Thuỷ điện Thác Bà - Yên Bái. Ngành nghề kinh doanh: xây dựng các công trình công nghiệp, công cộng, nhà ở, thủy lợi, thủy điện...; khai thác mỏ, khoan phun; thiết kế và tư vấn...",tiểu khu 5 - Thị trấn Ít Ong - H.Mường La - T.Sơn La,http://www.songda7.com.vn,
SDD,CTCP Đầu tư và Xây lắp Sông Đà,Xây dựng và Bất động sản,"Công ty Cổ phần Đầu tư và Xây lắp Sông Đà tiền thân là Chi nhánh của Công ty Xây dựng Sông Đà II được thành lập năm 1996. Năm 2019, cổ phiếu công ty chính thức giao dịch trên thị trường UPCoM. Lĩnh vực kinh doanh chính bao gồm Đầu tư kinh doanh khai thác các dịch vụ về nhà ở, khu đô thị; Đầu tư kinh doanh các công trình thuỷ điện vừa và nhỏ; Xây lắp các công trình công nghiệp, dân dụng, giao thông, thuỷ lợi, bưu điện...",Tầng 19 Tòa nhà Vinaconex - Số 34 Láng Hạ - P. Láng Hạ - Q. Đống Đa - Tp. Hà Nội,http://www.songdaic.vn,
SDP,CTCP SDP,"Bán buôn các thiết bị, vật tư chuyên môn và thương mại","Công ty Cổ phần Đầu tư và Thương mại Dầu khí Sông Đà là đơn vị liên kết giữa Tập đoàn Sông Đà và Tập đoàn Dầu khí. Công ty được chuyển đổi từ quá trình cổ phần hóa Xí nghiệp Sông Đà 13.6 ngày 25/11/2003. Ngành nghề kinh doanh: xây lắp các công trình xây dựng công nghiệp, dân dụng và xây dựng khác; kinh doanh xuất nhập khẩu vật tư thiết bị; nhập khẩu nguyên liệu, vật liệu phục vụ sản xuất xi măng, thép xây dựng...",Ngõ 795 Đường Quang Trung - P. Phú La - Q. Hà Đông - Tp. Hà Nội,http://sdp.com.vn/,
SGB,Ngân hàng TMCP Sài Gòn Công Thương,Tài chính và bảo hiểm,"SAIGONBANK không ngừng nỗ lực tăng cường năng lực tài chính cho Ngân hàng. Trên cơ sở đó tiếp tục đầu tư đổi mới công nghệ hiện đại và mở rộng mạng lưới hoạt động của ngân hàng tại các Tỉnh, Thành phố lớn trên cả nước. Đến tháng 06/2020, mạng lưới hoạt động của SAIGONBANK bao gồm Hội sở, 33 chi nhánh, 55 phòng giao dịch, 01 trung tâm kinh doanh thẻ và 01 công ty con. Các chi nhánh tập trung tại các thành phố lớn của khu vực Miền Bắc, Miền Trung, Miền Nam và Tây Nguyên, SAIGONBANK đang tiếp tục mở rộng mạng lưới các chi nhánh đến các tỉnh thành trên cơ sở tăng vốn điều lệ. Ngân hàng nhắm đến mục tiêu tăng khả năng tiếp cận của khách hàng với ngân hàng và cạnh tranh với các ngân hàng khác nhằm khẳng định tên tuổi SAIGONBANK trong sự lựa chọn của mỗi khách hàng",2C Phó Đức Chính - Q.1 - Tp.HCM,http://www.saigonbank.com.vn,
SGI,CTCP Đầu tư Phát triển Sài Gòn 3 Group,Sản xuất các sản phẩm may mặc,"Sài Gòn 3 Group là tập đoàn đa ngành nghề, tập trung chính vào 3 lĩnh vực: sản xuất, tài chính, bất động sản với các công ty thành viên tiêu biểu cho 3 lĩnh vực trên bao gồm sở hữu 4 công ty con trực tiếp và 4 công ty con gián tiếp thông qua các công ty trực tiếp.",Số 47 - Đường số 17 - Khu phố 3 - P. Hiệp Bình Phước - Tp. Thủ Đức - Tp. HCM,https://www.saigon3group.com.vn/,
SGP,CTCP Cảng Sài Gòn ,Vận tải và kho bãi,"Cảng Sài Gòn với tên gọi ban đầu là Thương Cảng Sài Gòn, với lịch sử hình thành từ hơn 150 năm trước. Hoạt động phục vụ cho lĩnh vực rộng lớn gồm các khu vực Tp. HCM, các vùng lân cận và đồng bằng sông Mekong với tổng sản lượng hàng hóa hàng năm hơn 10 triệu tấn, Cảng Sài Gòn có vai trò và nhiệm vụ quan trọng phục vụ cho nhu cầu xuất nhập khẩu và phát triển kinh tế nói chung cho toàn khu vực Phía Nam của đất nước.",Số 3 Nguyễn Tất Thành - P.12 - Q.4 - TP.HCM,http://www.csg.com.vn,
SKH,CTCP Nước giải khát Sanest Khánh Hòa,Sản xuất đồ uống,"Ngày 28/01/2016, Công ty TNHH MTV Nước giải khát Sanest Khánh Hòa được thành lập. Năm 2017, cổ phiếu công ty giao dịch trên thị trường UPCoM. Công ty hoạt động chính trong lĩnh vực chế biến kinh doanh các sản phẩm nước Yến sào. Sản phẩm nước Yến sào Khánh Hòa được sản xuất theo hệ thống quản lý chất lượng quốc tế ISO 9001:2015, hệ thống quản lý môi trường ISO 14001:2015 và hệ thống an toàn thực phẩm HACCP.",Quốc lộ 1A - Thôn Mỹ Thanh - X. Cam Thịnh Đông - Tp. Cam Ranh - T. Khánh Hòa,ttp://www.sanestkhanhhoa.com.vn/,
SRB,CTCP Tập đoàn Sara,Dịch vụ giáo dục,"Công ty cổ phần SARA, tiền thân là Công ty cổ phần Đào tạo và Phát triển Công nghệ thông tin Quốc gia được thành lập ngày 16/06/2003. Ngày 17 tháng 3 năm 2008, cổ phiếu của Công ty được niêm yết trên Sàn giao dịch chứng khoán Hà nội, với Mã chứng khoán: SRB. Ngành nghề kinh doanh: giáo dục nghề nghiệp; sản xuất phần mềm tin học; quảng cáo; buôn bán máy móc thiết bị phụ tùng máy; hoạt động thiết kế chuyên dụng...",Km số 2 - Đại lộ Lê Nin - Tp.Vinh - T.Nghệ An,http://sara.vn,
SRT,CTCP Vận tải Đường sắt Sài Gòn,Vận tải và kho bãi,"CÔNG TY CỔ PHẦN VẬN TẢI ĐƯỜNG SẮT SÀI GÒN, tiền thân là Công ty TNHH MTV Vận tải đường sắt Sài Gòn, được thành lập vào ngày 01 tháng 02 năm 2016, có trụ sở đặt tại 136 Hàm Nghi, Phường Bến Thành, Quận I, Tp.Hồ Chí Minh với ngành nghề kinh doanh chính là vận tải hành khách, hàng hóa, hành lý bằng đường sắt trên phạm vi cả nước và quốc tế; kinh doanh các dịch vụ hỗ trợ vận tải. Công ty chúng tôi có 9 Đơn vị trực thuộc được phân bổ tại khắp các vùng miền trên cả nước.",Số 136 Hàm Nghi - P. Bến Thành - Q. 1 - Tp. HCM,http://www.saigonrailway.com.vn/,
SSH,CTCP Phát triển Sunshine Homes,Xây dựng và Bất động sản,"Công ty cổ phần Phát triển Sunshine Homes là doanh nghiệp thuộc nhóm bát động sản được thành lập vào năm 2015, mặc dù tuổi đời còn non trẻ nhưng Công ty đã khẳng định mình là một nhà phát triển bất động sản có năng lực với việc triển khai thành công dự án Sunshine Center, với quy mô 214 căn hộ. Công ty đang đầu tư hàng loạt dự án bất đọng sản khác có quy mô lớn như Sunshine City Hà Nội, Sunshine Diamond River, Sunshine Wonder Villas. So với các công ty trong ngành Bất động sản, quy mô vốn và Tài sản của Công ty ở mức trung bình.","Tầng 9, Tòa nhà Sunshine Center, 16 Phạm Hùng, Phường Mỹ Đình, Quận Nam Từ Liêm, Thành phố Hà Nội",https://ssh.vn/,
STH,CTCP Phát hành Sách Thái Nguyên,"Cửa hàng dụng cụ, văn phòng phẩm và quà tặng","CTCP phát hành sách Thái Nguyên có thời gian hoạt động hơn 15 năm trong ngành, với kinh nghiệm và bề dày hoạt động trong ngành kinh doanh sách và văn phòng phẩm, thiết bị giáo dục cũng như trên địa bàn tỉnh Thái Nguyên. Công ty đã tạo dựng được mạng lưới đối tác, khách hàng thường xuyên trong và ngoài tỉnh. Việc hoàn thành tăng vốn điều lệ lên 65 tỷ đồng trong năm 2019 đã giúp Công ty có thêm nguồn lực mới để phát triển hoạt động kinh doanh, chịu ít áp lực lãi suất từ nguồn vốn vay hơn giúp Công ty tăng năng lực cạnh tranh trên thị trường.",Số 65 - Tổ 2 - Đường Hoàng Văn Thụ - P. Phan Đình Phùng - Tp. Thái Nguyên - T. Thái Nguyên,https://sthc.com.vn/,
TBD,Tổng Công ty Thiết bị Điện Đông Anh - CTCP,Sản xuất thiết bị điện,"Tổng Công ty Thiết bị Điện Đông Anh - Công ty cổ phần tiền thân là Công ty Sản xuất thiết bị điện được thành lập ngày 5/12/1981 theo Quyết định số 056/NL-TCCB của Bộ Năng lượng. Ngày 10/05/2011, Công ty được Ủy ban Chứng khoán Nhà nước chấp thuận công nhận là Công ty đại chúng. Ngành nghề kinh doanh: sản xuất máy biến áp truyền tải, máy biến áp trung gian, máy biến áp phân phối và thiết bị điện khác...",Số 189 đường Lâm Tiên - TT. Đông Anh - H. Đông Anh - Tp. Hà Nội,http://www.eemc.com.vn,
TCI,CTCP Chứng khoán Thành Công,tài chính và bảo hiểm,"Công ty Cổ phần Chứng Khoán Thành Công (TCI) được thành lập vào năm 2008. Công ty hoạt động trong lĩnh vực cung cấp các dịch vụ môi giới chứng khoán, tư vấn kinh doanh và tự doanh. TCI đủ điều kiện để trở thành công ty đại chúng từ năm 2009. TCI được giao dịch trên thị trường UPCoM từ đầu tháng 09/2018.",Lầu 2 số 6 Hồ Tùng Mậu - P. Nguyễn Thái Bình - Q. 1 - Tp. HCM,http://www.tcsc.vn,
TID,CTCP Tổng Công ty Tín Nghĩa,Sản xuất thực phẩm ,"Tiền thân của Công ty cổ phần Tổng công ty Tín Nghĩa là Công ty Dịch vụ Sản xuất Kinh doanh Tổng hợp Đồng Nai (PROSECO), được thành lập vào ngày 07/09/1989 với mục tiêu và nhiệm vụ chính là tổ chức sản xuất kinh doanh, đóng góp nguồn thu cho Ngân sách Nhà nước và Ngân sách Đảng địa phương.",Số 96 Hà Huy Giáp - P. Quyết Thắng - Tp. Biên Hòa - T. Đồng Nai,http://tinnghiacorp.com.vn,
TIS,CTCP Gang thép Thái Nguyên,Sản xuất các sản phẩm kim loại cơ bản,"Công ty cổ phần Gang thép Thái Nguyên, tiền thân là Công ty Gang thép Thái Nguyên, được thành lập năm 1959, là khu Công nghiệp đầu tiên tại Việt Nam có dây chuyền sản xuất liên họp khép kín từ khai thác quặng sắt đến luyện gang, luyện thép và cán thép. Ngày 29/11/1963, mẻ gang đầu tiên của Công ty ra lò đã đánh dấu mốc son quan trọng trong công cuộc xây dựng và phát triển công ty cũng như của ngành luyện kim Việt Nam",Tổ 13 - P. Cam Giá - Tp. Thái Nguyên - T. Thái Nguyên,http://www.tisco.com.vn,
TL4,Tổng Công ty cổ phần Xây dựng Thủy Lợi 4,Xây dựng và Bất động sản,"Tổng Công ty Xây dựng Thủy lợi 4 – CTCP tiền thân là Liên hiệp các xí nghiệp xây dựng thủy lợi khu vực IV được thành lập ngày 19/11/1979. Ngày 01/01/2009, Tổng Công ty chính thức chuyển sang hoạt động dưới hình thức CTCP. Ngành nghề kinh doanh: xây dựng công trình thủy lợi, đê đập, hệ thống tưới tiêu, công trình thủy công, thủy điện...; sản xuất khai thác và mua bán vật liệu xây dựng;...",205A Nguyễn Xí - P.26 - Q.Bình Thạnh - Tp.Hồ Chí Minh,http://www.thuyloi4.com.vn,
TNS,CTCP Thép tấm lá Thống Nhất,Sản xuất các sản phẩm kim loại cơ bản,"Công ty Cổ phần Thép Tấm lá Thống Nhất được thành lập năm 2007 nhằm đáp ứng nhu cầu thép tấm lá nội địa cũng như xuất khẩu trong khu vực. Các cổ đông sáng lập của TNFS đều thuộc ngành thép: Tổng Công Ty Thép Việt Nam, Công ty Cổ Phần Kim Khí TP. HCM, Công ty Cổ Phần Đầu Tư Thương Mại SMC, Công ty Tôn Phương Nam, Công ty TNHH Thương Mại Thép Mười Đây... Với đội ngũ nhân sự chuyên nghiệp nhiều năm kinh nghiệm quy tụ từ các nhà máy cán nguội lớn, được đào tạo tại Mỹ, Thụy Điển... TNFS phấn đấu trở thành một trong những công ty sản xuất thép tấm lá hàng đầu Việt Nam và khu vực.",KCN Phú Mỹ I - Phường Phú Mỹ - Thị xã Phú Mỹ - T. Bà Rịa - Vũng Tàu,ttp://www.tnsteel.vn,
TTN,CTCP Công nghệ và Truyền thông Việt Nam,Công nghệ và thông tin,"Trong xu hướng hội nhập quốc tế, các khu công nghiệp đang tiếp nhận một lượng lớn nhà đầu tư từ nước ngoài vào Việt Nam. Nhằm thu hút, đáp ứng nhu cầu về cơ sở hạ tầng của nhà đầu tư trong các khu công nghiệp và nâng cao tầm hoạt động của các khu công nghiệp: VSIP 1, VSIP 2, VSIP2A, Mỹ Phước, Bàu Bàng.... đầu năm 2008, Công ty VNTT được thành lập từ chủ trương hợp tác của 3 cổ đông sáng lập chính, gồm Becamex IDC, VNPT và BIDV.",Số 21 VSIP II - Đường số 1 - Khu công nghiệp Việt Nam-Singapore II - P. Hòa Phú - Tp. Thủ Dầu Một - T. Bình Dương,http://www.vntt.com.vn,
TVN,Tổng Công ty Thép Việt Nam - CTCP,Sản xuất các sản phẩm kim loại cơ bản,"Tổng công ty Thép Việt Nam (VNSTEEL) được thành lập vào năm 1995 trên cở sở hợp nhất Tổng Công ty Thép Việt Nam thuộc Bộ Công nghiệp nặng và Tổng Công ty Kim khí thuộc Bộ Vật tư. Sự ra đời của Tổng công ty Thép Việt Nam gắn liền với lịch sử phát triển của đất nước và của ngành công nghiệp luyện kim, đặt nền tảng vững chắc cho sự phát triển của ngành công nghiệp thép trong nước. VNSTEEL hoạt động kinh doanh chủ yếu trên các lĩnh vực sản xuất, kinh doanh thép và các vật tư, thiết bị liên quan đến ngành thép. Ngoài ra còn có các hoạt động kinh doanh khác như đầu tư tài chính, khai thác cảng và dịch vụ giao nhận, đầu tư bất động sản...",Số 91 Láng Hạ - P. Láng Hạ - Q. Đống Đa - TP. Hà Nội,http://www.vnsteel.vn,
VAB,Ngân hàng TMCP Việt Á,Tài chính và bảo hiểm,"Ngân hàng Việt Á là một ngân hàng được thành lập vào ngày 04/07/2003 do sự hợp nhất của 2 tổ chức tín dụng thời đó là công ty tài chính cổ phần Sài Gòn và Ngân hàng thương mại cổ phần nông thôn Đà Nẵng. Hiện nay ngân hàng Việt Á hoạt động đầy đủ chức năng của một ngân hàng thương mại và có thể mạnh trên thị trường trong các hoạt động tài chính như đầu tư, kinh doanh vàng hay tài trợ cho các dự án… Thực hiện việc huy động vốn như cho vay ngắn hạn, gửi tiết kiệm đối với các thành phần kinh tế.",Tầng 4 và 5 tòa nhà Samsora Premier - Số 105 Chu Văn An - P. Yết Kiêu - Q. Hà Đông - Tp. Hà Nội,http://www.vietabank.com.vn,
VBB,Ngân hàng TMCP Việt Nam Thương Tín,Tài chính và bảo hiểm,"Ngân hàng Thương mại Cổ phần Việt Nam Thương Tín (VietBank) được chính thức thành lập vào năm 2006 theo Quyết định số 2391/QĐ-NHNN của Thống đốc Ngân hàng Nhà nước Việt Nam với vốn điều lệ ban đầu là 200 tỷ đồng. Ngày 23/08/2016, trở thành công ty đại chúng theo Công văn số 2128/UBCK-GSĐC của Ủy ban Chứng khoán Nhà nước. Ngày 30/07/2019, Vietbank giao dịch trên thị trường UPCOM với mã chứng khoán VBB.",47 Trần Hưng Đạo - P. 3 - Tp. Sóc Trăng - T. Sóc Trăng,http://www.vietbank.com.vn,
VCR,CTCP Đầu tư và Phát triển Du lịch Vinaconex,Xây dựng và Bất động sản,"Công ty CP Đầu tư & Phát triển du lịch VINACONEX (VINACONEX – ITC) được thành lập tháng 03/2008 trên cơ sở Ban quản lý dự án Cái Giá - Cát Bà của Tổng Công ty CP VINACONEX với nhiệm vụ chính là đầu tư, xây dựng Khu đô thị du lịch Cái Giá - Cát Bà trở thành một khu đô thị du lịch lớn và nổi tiếng trong khu vực và trên thế giới, đầu tư xây dựng chuỗi các khu đô thị du lịch mang thương hiệu VINACONEX trên cả nước. Công ty có vốn điều lệ 330 tỷ đồng, có 3 cổ đông lớn, có uy tín tại Việt Nam là: Tổng Công ty CP VINACONEX, Ngân hàng TMCP XNK Việt Nam (Eximbank) và Công ty CP chứng khoán NHNN & PTNT Việt Nam (Agriseco). Tháng 05/2010, Chính thức giao dịch trên Sở Giao dịch Chứng khoán Hà Nội (HNX).",Tầng 12 tòa nhà Vinaconex Số 34 Láng Hạ - Q. Đống Đa - Hà Nội,http://www.vinaconexitc.com.vn,
VE9,CTCP Đầu tư và Xây dựng VNECO 9,Xây dựng và Bất động sản,"Công ty cổ phần Xây dựng Điện VNECO 9, tiền thân là Tổng đội Xây lắp điện 3, được thành lập theo Quyết định ngày 25/10/1995 của Giám đốc Công ty Xây lắp Điện 3 (nay là Tổng công ty cổ phần Xây dựng Điện Việt Nam). Lĩnh vực kinh doanh: xây lắp các công trình hệ thống lưới điện, trạm biến áp, công trình nguồn điện; xây dựng các công trình công nghiệp, dân dụng, giao thông thủy lợi...;kinh doanh vật liệu xây dựng, mặt hàng trang trí nội thất...",Tầng trệt C4-C5 Chung cư Chợ Đầm - P. Hương Xuân - Tp. Nha Trang - T. Khánh Hòa,http://www.vneco9.com,
VEA,Tổng Công ty Máy động lực và Máy nông nghiệp Việt Nam – CTCP,"Sản xuất thiết bị, máy móc","Tổng công ty Máy động lực và Máy nông nghiệp (VEAM) được thành lập ngày 12/5/1990. VEAM trực thuộc Bộ Công Thương quản lý các đơn vị thành voeen được thành lập trước đó. Công ty mẹ VEAM hiện đầu tư vốn tạo 25 đơn vị bao gồm các đơn vị trực thuộc (chi nhánh), công ty con và công ty liên kết. Ngành nghề kinh doanh chính: sản xuất lắp ráp và kinh doanh ô tô, đúc chi tiết chế tạo máy, thương mại. Đầu tư tài chính dài hạn tại các doanh nghiệp trong các lĩnh vực: động cơ và máy nông nghiệp; công nghiệp hỗ trợ; ô tô, xe máy,...",Lô D - Khu D1 - P. Phú Thượng - Q. Tây Hồ - Hà Nội,http://www.veamcorp.com,
VFS,CTCP Chứng khoán Nhất Việt,Tài chính và bảo hiểm,"Ngày 13/10/2008, Công ty Cổ phần Chứng khoán Nhất Việt được thành lập với vốn điều lệ 135 tỷ đồng. Ngày 01/07/2020, cổ phiếu của Công ty chính thức được giao dịch trên sàn UPCoM với mã chứng khoán là VFS. Công ty hoạt động chính trong các lĩnh vực Môi giới chứng khoán; Tư vấn đầu tư chứng khoán; Tự doanh chứng khoán; Lưu ký chứng khoán.",Lầu 1 số 117-119-121 Nguyễn Du - P. Bến Thành - Q. 1 - Tp. HCM,http://www.vfs.com.vn,
VGI,Tổng Công ty cổ phần Đầu tư Quốc tế Viettel,Công nghệ và thông tin,"Tổng CTCP Đầu tư Quốc tế Viettel (Viettel Global) được thành lập vào ngày 24/10/2007 theo Giấy chứng nhận Đăng ký Kinh doanh số 0102409426 cấp bởi Phòng Đăng ký Kinh doanh, Sở Kế hoạch và Đầu tư Hà Nội với tên gọi ban đầu là Công ty cổ phần Đầu tư Quốc tế Viettel. VGI hoạt động trong lĩnh vực cung cấp các dịch vụ bưu chính viễn thông; phát triển phần mềm trong lĩnh vực điện tử, viễn thông, công nghệ thông tin, Internet; sản xuất, lắp ráp, sửa chữa, kinh doanh thiết bị điện, điện tử viễn thông và công nghệ thông tin. Hoạt động kinh doanh chính là đầu tư vào các dự án viễn thông tại thị trường nước ngoài, mở rộng phạm vi hoạt động; nâng cao năng lực cạnh tranh; mở rộng quy mô thị trường chuẩn bị cho hoạt động nghiên cứu, sản xuất.","Tầng 39-40 Tòa nhà Keangnam Landmark, lô E6, khu đô thị mới Cầu Giấy - P - Mễ Trì - Nam Từ Liêm - Hà Nội",http://www.viettelglobal.vn,
VGT,Tập đoàn Dệt May Việt Nam,Sản xuất các sản phẩm may mặc,"Tập đoàn Dệt May chính thức được thành lập vào năm 1990. Năm 2017, cổ phiếu VGT được giao dịch trên thị trường UPCoM. Là một tổ hợp các công ty đa sở hữu gồm có công ty mẹ Tập đoàn Dệt - May Việt Nam, các đơn vị nghiên cứu đào tạo và gần 120 công ty con, công ty liên kết là các công ty cổ phần, kinh doanh đa lĩnh vực từ sản xuất - kinh doanh hàng dệt may đến hoạt động thương mại dịch vụ, có hệ thống phân phối bán buôn, bán lẻ, hoạt động đầu tư tài chính, đầu tư vào lĩnh vực hỗ trợ ngành sản xuất chính dệt may. Vinatex sở hữu hệ thống phân phối rộng khắp với 50 siêu thị Vinatex tại 26 tỉnh thành.",Số 25 Bà Triệu - P. Hàng Bài - Q. Hoàn Kiếm - Tp. Hà Nội,http://www.vinatex.com.vn,
VGV,Tổng Công ty Tư vấn Xây dựng Việt Nam - CTCP,"Kiến trúc, tư vấn xây dựng và dịch vụ liên quan","Tổng Công ty Tư vấn Xây dựng Việt Nam - CTCP tiền thân là Cục Thiết kế Dân dụng – Nha Kiến trúc được thành lập tháng 4 năm 1955. Trải qua hơn 60 năm xây dựng, phấn đấu và trưởng thành, đến nay Tổng Công ty đã trở thành 1 nhà tư vấn Xây dựng hàng đầu Việt Nam, với đội ngũ Cán bộ Kiến trúc sư, Kỹ sư tham gia tư vấn thiết kế nhiều công trình đóng góp 1 phần quan trọng cho Kiến trúc Việt Nam trong thời kì đổi mới.",Số 243 Đê La Thành - P. Láng Thượng - Q. Đống Đa - Tp. Hà Nội,http://www.vncc.vn/,
VHG,CTCP Đầu tư Phát triển Việt Trung Nam,"Sản xuất hóa chất, dược phẩm","Công ty cổ phần đầu tư cao su Quảng Nam có tiền thân là Công ty cổ phần đầu tư và sản xuất Việt - Hàn, có lịch sử hình thành và phát triển ổn định kể từ năm 2003. Kinh doanh chủ yếu dựa trên lĩnh vực cao su, gồm cao su tự nhiên, chế biến sâu cao su, ngoài ra còn có đầu tư vào xây dựng hạ tầng và vật liệu xây dựng, các dự án bất động sản cũng như đầu tư vào thương mại. Hiện Công ty đang vận hành 3 nhà máy: Nhà máy cáp viễn thông đạt công suất 3 triệu km đôi/năm trở thành nhà sản xuất cáp có dung lượng lớn nhất Việt Nam; Nhà máy cáp quang (OFC); Nhà máy sản xuất sản phẩm từ cốt sợi thủy tinh FRP.",Lô 04 KCN Điện Nam - Điện Ngọc - P. Điện Ngọc - TX. Điện Bàn - T. Quảng Nam,http://www.viettrungnam.com.vn/,
VLG,CTCP VIMC Logistics,Vận tải và kho bãi,"VIMC Logistics tiền thân là Công ty CP Vinalines Logistics Việt Nam, được đổi tên theo Giấy chứng nhận đăng ký doanh nghiệp ngày 24/05/2021. Là công ty thành viên trực thuộc VIMC-CTCP, công ty VIMC Logistics là đơn vị tiên phong trong lĩnh vực vận tải đa phương thức và dịch vụ logistics. Chúng tôi luôn nỗ lực tuyệt đối để mang tới khách hàng chất lượng dịch vụ, hiệu quả và những giải pháp hướng tới phát triển và hợp tác lâu dài. Vinalines Logistics vinh hạnh được coi là đối tác tin cậy hàng đầu trong lĩnh vực vận tải đa phương thức tại Việt Nam.",Phòng 405 Tầng 4 - Tòa nhà Ocean Park - Số 01 Đào Duy Anh - P.Phương Mai - Q.Đống Đa - Tp.Hà Nội,http://www.vinalineslogistics.com.vn,
VNA,CTCP Vận tải Biển Vinaship,Vận tải và kho bãi,"Công ty Cổ phần Vận tải biển Vinaship (VNA), tiền thân là Công ty Vận tải biển III thành lập năm 1984. Năm 2006, Công ty chuyển đổi mô hình kinh doanh hoạt động là Công ty Cổ phần. Nguồn thu của Công ty chủ yếu vẫn từ hoạt động kinh doanh vận tải biển quốc tế và một phần từ hoạt động kinh doanh dịch vụ vận tải, bốc xếp, khai thác bãi container. Hiện tại, Vinaship đang quản lý khai thác 01 bãi Container, 01 bãi CFS và đang xây dựng 01 bãi Container hậu phương có vị trí địa lý rất thuận lợi. Ngày 03/05/2017, VNA chính thức giao dịch trên thị trường UPCOM.",Số 1 Hoàng Văn Thụ - P. Minh Khai - Q. Hồng Bàng - Tp. Hải Phòng,http://www.vinaship.com.vn,
VNB,CTCP Sách Việt Nam,"Đơn vị xuất bản báo, ấn phẩm, sách và danh mục","10/10/1952, Công ty TNHH MTV Sách Việt Nam, tiền thân là Nhà in Quốc gia được thành lập. Năm 2016, chính thức hoạt động theo mô hình công ty cổ phần và giao dịch trên thị trường UPCoM. Công ty hoạt động chính trong các lĩnh vực Kinh doanh các loại xuất bản phẩm trong nước và nước ngoài tại Việt Nam; Trực tiếp xuất nhập khẩu và nhập khẩu uỷ thác xuất bản phẩm; Liên kết xuất bản, in ấn và dịch vụ in các loại xuất bản phẩm: Sách, văn hoá phẩm, các ấn phẩm văn hoá thông tin khác; Đảm nhiệm việc phát hành sách cho hệ thống thư viện văn hoá và trường học theo chương trình tài trợ của Chính phủ và Bộ Văn hoá, Thể thao và Du lịch; Kinh doanh khách sạn, dịch vụ biểu diễn nghệ thuật trong và ngoài nước. VNB là đơn vị thành viên của Tập đoàn Vingroup.",Số 44 phố Tràng Tiền - P.Tràng Tiền - Q.Hoàn Kiếm - Hà Nội,http://www.savina.com.vn,
VNH,CTCP Đầu tư Việt Việt Nhật,Sản xuất thực phẩm ,"Công ty Cổ phần Thủy hải sản Việt Nhật tiền thân là Công ty TNHH Sản xuất - Thương mại - Xuất nhập khẩu Việt Nhật, được thành lập và đi vào hoạt động từ tháng 12/2000 theo GCNĐKKD số 4102003205 do Sở Kế hoạch và Đầu tư TP. HCM cấp ngày 19/12/2000.",ô A 59/1 - Đường số 7 - KCN Vĩnh Lộc - P. Bình Hưng Hòa B - Q. Bình Tân - TP. HCM,http://www.vietnhat.com,
VNP,CTCP Nhựa Việt Nam,Sản xuất các sản phẩm nhựa và cao su,"Công ty Nhựa Việt Nam (tiền thân của Công ty CP Nhựa Việt Nam) là đơn vị trực thuộc Bộ Công nghiệp được thành lập từ những năm 70. Tháng 3/1976, Công ty tạp phẩm (tiền thân của Công ty Nhựa Việt Nam) được thành lập với các sản phẩm chủ yếu bao gồm sản phẩm nhựa, da giầy, chất tẩy rửa, kim khí tiêu dùng, văn phòng phẩm. Lĩnh vực kinh doanh chính bao gồm Sản xuất các sản phẩm bao bì, phụ tùng, linh kiện nhựa phục vụ trong công, nông, ngư nghiệp, giao thông vận tải, xây dựng bưu chính viễn thông và dân dụng; Sản xuất khuôn mẫu, phụ tùng, linh kiện, cơ khí cho ngành nhựa; Các nguyên liệu, hóa chất, phụ gia ngành nhựa; Kinh doanh tổng hợp nguyên liệu, trang bị, vật tư sản xuất và hàng tiêu dùng; Kinh doanh siêu thị, văn phòng cho thuê, hạ tầng cụm công nghiệp; Dịch vụ tư vấn đầu tư, nghiên cứu đào tạo, chuyển giao công nghệ mới...",300B Nguyễn Tất Thành - P.13 - Q.4 - Tp. HCM,http://www.vinaplast.com.vn,
VOC,Tổng Công ty Công Nghiệp Dầu Thực Vật Việt Nam - CTCP,Sản xuất thực phẩm ,"Năm 1975, công ty được hình thành trên cơ sở 4 nhà máy sản xuất dầu thực vật tại miền Nam do quốc hữu hóa. Tổng công suất khi đó chỉ đạt 18,000 tấn/năm. Năm 1992, công ty dầu thực vật hương liệu mỹ phẩm Việt Nam (VOCARIMEX) chính thức được thành lập. VOCARIMEX hợp tác với Musim Max Viet Nam thành lập công ty TNHH dầu thực vật miền Bắc. Năm 2014, chính thức chuyển đổi thành công ty cổ phần với vốn điều lệ 1,218 tỷ đồng. Các lĩnh vực kinh doanh chính của công ty bao gồm Sản xuất kinh doanh dầu thực vật và các sản phẩm liên quan; Cung cấp nguyên liệu dầu thô, dầu tinh luyện cho các nhà máy khác; Cung cấp dịch vụ cảng biển; Cho thuê kho bãi, văn phòng. Nhà máy sở hữu công nghệ sản xuất dầu mè chất lượng cao đáp ứng nhu cầu xuất khẩu của thị trường Nhật Bản với công suất đạt 4,000 tấn/năm.",58 Nguyễn Bỉnh Khiêm - P.Đa Kao - Q.1 - TP.HCM,http://www.vocarimex.com.vn,
VTD,CTCP Du lịch Vietourist,Dịch vụ hành chính và hỗ trợ,"Công ty cổ phần Du lịch Vietourist tiền thân là Công ty TNHH Du lịch Vietourist, hoạt động trong lĩnh vực quảng bá và tổ chức tour du lịch trong và ngoài nước. Để mở rộng kinh doanh, năm 2013 Công ty chuyển đổi mô hình hoạt động sang công ty cổ phần theo Giấy chứng nhận đăng ký doanh nghiệp số 0311273634 do Sở Kế hoạch và Đầu tư thành phố Hồ Chí Minh cấp đăng ký lần đầu ngày 26./10/2011, thay đổi lần thứ 3 ngày 17/5/2013 với vốn điều lệ là 1,8 tỷ đồng.",Số 21 - Đường Hoàng Diệu - P. 12 - Q. 4 - Tp. Hồ Chí Minh,https://www.vietourist.com.vn/vn/,
VTP,Tổng Công ty cổ phần Bưu chính Viettel,Vận tải và kho bãi,"Tổng Công ty Cổ phần Bưu chính Viettel (Viettel Post), tiền thân là Trung tâm phát hành báo chí được thành lập năm 1997. Với nhiệm vụ ban đầu là phục vụ các cơ quan Quân đội trong Bộ Quốc phòng. Năm 2006, Bưu chính Viettel chuyển đổi từ mô hình hạch toán phụ thuộc sang hạch toán độc lập, với tên gọi Công ty TNHH Nhà nước MTV Bưu chính Viettel. Năm 2009, Viettel Post chính thức bán cổ phiếu ra công chúng qua Sở Giao dịch chứng khoán Hà Nội (HNX). Năm 2018, Cổ phiếu của Bưu chính Viettel chính thức giao dịch trên sàn UpCom. Lĩnh vực hoạt động chính của VTP: Chuyển phát, Logistics và Thương mại dịch vụ.",Số 1 phố Giang Văn Minh - P. Kim Mã - Q. Ba Đình - Tp. Hà Nội,http://www.viettelpost.com.vn,
XMC,CTCP Đầu tư và Xây dựng Xuân Mai,Xây dựng và Bất động sản,Công ty CP Đầu tư và xây dựng Xuân Mai tiền thân là Nhà máy Bê tông tấm lớn Xuân Mai được thành lập năm 1983. Nhà máy có quy mô lớn và trang thiết bị đồng bộ để sản xuất cấu kiện bê tông tấm lớn phục vụ lắp dựng chung cư tại Xuân Mai và Hà Nội. Nhà máy Bê tông Xuân Mai được đổi tên thành Nhà máy Bê tông và Xây dựng Xuân Mai và chuyển về trực thuộc Tổng Công ty Xuất nhập khẩu Xây dựng Việt Nam. Công ty đã chủ động ký kết chuyển giao công nghệ với hãng Saret International của Cộng hòa Pháp để đầu tư dây chuyền bê tông dự ứng lực khẩu độ nhỏ sản xuất dầm PPB phục vụ cho việc lắp dựng các công trình dân dụng. Sản phẩm dầm PPB đã được áp dụng rộng rãi ở Hà Nội và các tỉnh lân cận.,Tầng 4 Tòa tháp Xuân Mai - Đường Tô Hiệu - P. Hà Cầu - Q. Hà Đông - Tp. Hà Nội,http://xmcc.com.vn,
,,,,,,
,,,,,,
,,,,,,
,,,,,,
,,,,,,
,,,,,,
,,,,,,
,,,,,,
,,,,,,
,,,,,,
,,,,,,
,,,,,,
,,,,,,
,,,,,,
,,,,,,
,,,,,,
,,,,,,
,,,,,,
,,,,,,
,,,,,,
,,,,,,
,,,,,,
,,,,,,
,,,,,,
,,,,,,
,,,,,,
,,,,,,
,,,,,,
,,,,,,
,,,,,,
,,,,,,
,,,,,,
,,,,,,
,,,,,,
,,,,,,
,,,,,,
,,,,,,
,,,,,,
,,,,,,
,,,,,,
,,,,,,
,,,,,,
,,,,,,
,,,,,,
,,,,,,
,,,,,,
,,,,,,
,,,,,,
,,,,,,
,,,,,,
,,,,,,
,,,,,,
,,,,,,
,,,,,,
,,,,,,
,,,,,,
,,,,,,
,,,,,,
,,,,,,
,,,,,,
,,,,,,
,,,,,,
,,,,,,
,,,,,,
,,,,,,
,,,,,,
,,,,,,
,,,,,,
,,,,,,
,,,,,,
,,,,,,
,,,,,,
,,,,,,
,,,,,,
,,,,,,
,,,,,,
,,,,,,
,,,,,,
,,,,,,
,,,,,,
,,,,,,
,,,,,,
,,,,,,
,,,,,,
,,,,,,
,,,,,,
,,,,,,
,,,,,,
,,,,,,
,,,,,,
,,,,,,
,,,,,,
,,,,,,
,,,,,,
,,,,,,
,,,,,,
,,,,,,
,,,,,,
,,,,,,
,,,,,,
,,,,,,
,,,,,,
,,,,,,
,,,,,,
,,,,,,
,,,,,,
,,,,,,
,,,,,,
,,,,,,
,,,,,,
,,,,,,
,,,,,,
,,,,,,
,,,,,,
,,,,,,
,,,,,,
,,,,,,
,,,,,,
,,,,,,
,,,,,,
,,,,,,
,,,,,,
,,,,,,
,,,,,,
,,,,,,
,,,,,,
,,,,,,
,,,,,,
,,,,,,
,,,,,,
,,,,,,
,,,,,,
,,,,,,
,,,,,,
,,,,,,
,,,,,,
,,,,,,
,,,,,,
,,,,,,
,,,,,,
,,,,,,
,,,,,,
,,,,,,
,,,,,,
,,,,,,
,,,,,,
,,,,,,
,,,,,,
,,,,,,
,,,,,,
,,,,,,
,,,,,,
,,,,,,
,,,,,,
,,,,,,
,,,,,,
,,,,,,
,,,,,,
,,,,,,
,,,,,,
,,,,,,
,,,,,,
,,,,,,
,,,,,,
,,,,,,
,,,,,,
,,,,,,
,,,,,,
,,,,,,
,,,,,,
,,,,,,
,,,,,,
,,,,,,
,,,,,,
,,,,,,
,,,,,,
,,,,,,
,,,,,,
,,,,,,
,,,,,,
,,,,,,
,,,,,,
,,,,,,
,,,,,,
,,,,,,
,,,,,,
,,,,,,
,,,,,,
,,,,,,
,,,,,,
,,,,,,
,,,,,,
,,,,,,
,,,,,,
,,,,,,
,,,,,,
,,,,,,
,,,,,,
,,,,,,
,,,,,,
,,,,,,
,,,,,,
,,,,,,
,,,,,,
,,,,,,
,,,,,,
,,,,,,
,,,,,,
,,,,,,
,,,,,,
,,,,,,
,,,,,,
,,,,,,
,,,,,,
,,,,,,
,,,,,,
,,,,,,
,,,,,,
,,,,,,
,,,,,,
,,,,,,
,,,,,,
,,,,,,
,,,,,,
,,,,,,
,,,,,,
,,,,,,
,,,,,,
,,,,,,
,,,,,,
,,,,,,
,,,,,,
,,,,,,
,,,,,,
,,,,,,
,,,,,,
,,,,,,
,,,,,,
,,,,,,
,,,,,,
,,,,,,
,,,,,,
,,,,,,
,,,,,,
,,,,,,
,,,,,,
,,,,,,
,,,,,,
,,,,,,
,,,,,,
,,,,,,
,,,,,,
,,,,,,
,,,,,,
,,,,,,
,,,,,,
,,,,,,
,,,,,,
,,,,,,
,,,,,,
,,,,,,
,,,,,,
,,,,,,
,,,,,,
,,,,,,
,,,,,,
,,,,,,
,,,,,,
,,,,,,
,,,,,,
,,,,,,
,,,,,,
,,,,,,
,,,,,,
,,,,,,
,,,,,,
,,,,,,
,,,,,,
,,,,,,
,,,,,,
,,,,,,
,,,,,,
,,,,,,
,,,,,,
,,,,,,
,,,,,,
,,,,,,
,,,,,,
,,,,,,
,,,,,,
,,,,,,
,,,,,,
,,,,,,
,,,,,,
,,,,,,
,,,,,,
,,,,,,
,,,,,,
,,,,,,
,,,,,,
,,,,,,
,,,,,,
,,,,,,
,,,,,,
,,,,,,
,,,,,,
,,,,,,
,,,,,,
,,,,,,
,,,,,,
,,,,,,
,,,,,,
,,,,,,
,,,,,,
,,,,,,
,,,,,,
,,,,,,
,,,,,,
,,,,,,
,,,,,,
,,,,,,
,,,,,,
,,,,,,
,,,,,,
,,,,,,
,,,,,,
,,,,,,
,,,,,,
,,,,,,
,,,,,,
,,,,,,
,,,,,,
,,,,,,
,,,,,,
,,,,,,
,,,,,,
,,,,,,
,,,,,,
,,,,,,
,,,,,,
,,,,,,
,,,,,,
,,,,,,
,,,,,,
,,,,,,
,,,,,,
,,,,,,
,,,,,,
,,,,,,
,,,,,,
,,,,,,
,,,,,,
,,,,,,
,,,,,,
,,,,,,
,,,,,,
,,,,,,
,,,,,,
,,,,,,
,,,,,,
,,,,,,
,,,,,,
,,,,,,
,,,,,,
,,,,,,
,,,,,,
,,,,,,
,,,,,,
,,,,,,
,,,,,,
,,,,,,
,,,,,,
,,,,,,
,,,,,,
,,,,,,
,,,,,,
,,,,,,
,,,,,,
,,,,,,
,,,,,,
,,,,,,
,,,,,,
,,,,,,
,,,,,,
,,,,,,
,,,,,,
,,,,,,
,,,,,,
,,,,,,
,,,,,,
,,,,,,
,,,,,,
,,,,,,
,,,,,,
,,,,,,
,,,,,,
,,,,,,
,,,,,,
,,,,,,
,,,,,,
,,,,,,
,,,,,,
,,,,,,
,,,,,,
,,,,,,
,,,,,,
,,,,,,
,,,,,,
,,,,,,
,,,,,,
,,,,,,
,,,,,,
,,,,,,
,,,,,,
,,,,,,
,,,,,,
,,,,,,
,,,,,,
,,,,,,
,,,,,,
,,,,,,
,,,,,,
,,,,,,
,,,,,,
,,,,,,
,,,,,,
,,,,,,
,,,,,,
,,,,,,
,,,,,,
,,,,,,
,,,,,,
,,,,,,
,,,,,,
,,,,,,
,,,,,,
,,,,,,
,,,,,,
,,,,,,
,,,,,,
,,,,,,
,,,,,,
,,,,,,
,,,,,,
,,,,,,
,,,,,,
,,,,,,
,,,,,,
,,,,,,
,,,,,,
,,,,,,
,,,,,,
,,,,,,
,,,,,,
,,,,,,
,,,,,,
,,,,,,
,,,,,,
,,,,,,
,,,,,,
,,,,,,
,,,,,,
,,,,,,
,,,,,,
,,,,,,
,,,,,,
,,,,,,
,,,,,,
,,,,,,
,,,,,,
,,,,,,
,,,,,,
,,,,,,
,,,,,,
,,,,,,
,,,,,,
,,,,,,
,,,,,,
,,,,,,
,,,,,,
,,,,,,
,,,,,,
,,,,,,
,,,,,,
,,,,,,
,,,,,,
,,,,,,
,,,,,,
,,,,,,
,,,,,,
,,,,,,
,,,,,,
,,,,,,
,,,,,,
,,,,,,
,,,,,,
,,,,,,
,,,,,,
,,,,,,
,,,,,,
,,,,,,
,,,,,,
,,,,,,
,,,,,,
,,,,,,
,,,,,,
,,,,,,
,,,,,,
,,,,,,
,,,,,,
,,,,,,
,,,,,,
,,,,,,
,,,,,,
,,,,,,
,,,,,,
,,,,,,
,,,,,,
,,,,,,
,,,,,,
,,,,,,
,,,,,,
,,,,,,
,,,,,,
,,,,,,
,,,,,,
,,,,,,
,,,,,,
,,,,,,
,,,,,,
,,,,,,
,,,,,,
,,,,,,
,,,,,,
,,,,,,
,,,,,,
,,,,,,
,,,,,,
,,,,,,
,,,,,,
,,,,,,
,,,,,,
,,,,,,
,,,,,,
,,,,,,
,,,,,,
,,,,,,
,,,,,,
,,,,,,
,,,,,,
,,,,,,
,,,,,,
,,,,,,
,,,,,,
,,,,,,
,,,,,,
,,,,,,
,,,,,,
,,,,,,
,,,,,,
,,,,,,
,,,,,,
,,,,,,
,,,,,,
,,,,,,
,,,,,,
,,,,,,
,,,,,,
,,,,,,
,,,,,,
,,,,,,
,,,,,,
,,,,,,
,,,,,,
,,,,,,
,,,,,,
,,,,,,
,,,,,,
,,,,,,
,,,,,,
,,,,,,
,,,,,,
,,,,,,
,,,,,,
,,,,,,
,,,,,,
,,,,,,
,,,,,,
,,,,,,
,,,,,,
,,,,,,
,,,,,,
,,,,,,
,,,,,,
,,,,,,
,,,,,,
,,,,,,
,,,,,,
,,,,,,
,,,,,,
,,,,,,
,,,,,,
,,,,,,
,,,,,,
,,,,,,
,,,,,,
,,,,,,
,,,,,,
,,,,,,
,,,,,,
,,,,,,
,,,,,,
,,,,,,
,,,,,,
,,,,,,
,,,,,,
,,,,,,
,,,,,,
,,,,,,
,,,,,,
,,,,,,
,,,,,,
,,,,,,
,,,,,,
,,,,,,
,,,,,,
,,,,,,
,,,,,,
,,,,,,
,,,,,,
,,,,,,
,,,,,,
,,,,,,
,,,,,,
,,,,,,
,,,,,,
,,,,,,
,,,,,,
,,,,,,
,,,,,,
,,,,,,
,,,,,,
,,,,,,
,,,,,,
,,,,,,
,,,,,,
,,,,,,
,,,,,,
,,,,,,
,,,,,,
,,,,,,
,,,,,,
,,,,,,
,,,,,,
,,,,,,
,,,,,,
,,,,,,
,,,,,,
,,,,,,
,,,,,,
,,,,,,
,,,,,,
,,,,,,
,,,,,,
,,,,,,
,,,,,,
,,,,,,
,,,,,,
,,,,,,
,,,,,,
,,,,,,
,,,,,,
,,,,,,
,,,,,,
,,,,,,
,,,,,,
,,,,,,
,,,,,,
,,,,,,
,,,,,,
,,,,,,
,,,,,,
,,,,,,
,,,,,,
,,,,,,
,,,,,,
,,,,,,
,,,,,,
,,,,,,
,,,,,,
,,,,,,
,,,,,,
,,,,,,
,,,,,,
,,,,,,
,,,,,,
,,,,,,
,,,,,,
,,,,,,
,,,,,,
,,,,,,
,,,,,,
,,,,,,
,,,,,,
,,,,,,
,,,,,,
,,,,,,
,,,,,,
,,,,,,
,,,,,,
,,,,,,
,,,,,,
,,,,,,
,,,,,,
,,,,,,
,,,,,,
,,,,,,
,,,,,,
,,,,,,
,,,,,,
,,,,,,
,,,,,,
,,,,,,
,,,,,,
,,,,,,
,,,,,,
,,,,,,
,,,,,,
,,,,,,
,,,,,,
,,,,,,
,,,,,,
,,,,,,
,,,,,,
,,,,,,
,,,,,,
,,,,,,
,,,,,,
,,,,,,
,,,,,,
,,,,,,
,,,,,,
,,,,,,
,,,,,,
,,,,,,
,,,,,,
,,,,,,
,,,,,,
,,,,,,
,,,,,,
,,,,,,
,,,,,,
,,,,,,
,,,,,,
,,,,,,
,,,,,,
,,,,,,
,,,,,,
,,,,,,
,,,,,,
,,,,,,
,,,,,,
,,,,,,
,,,,,,
,,,,,,
,,,,,,
,,,,,,
,,,,,,
,,,,,,
,,,,,,
,,,,,,
,,,,,,
,,,,,,
,,,,,,
,,,,,,
,,,,,,
,,,,,,
,,,,,,
,,,,,,
,,,,,,
,,,,,,
,,,,,,
,,,,,,
,,,,,,
,,,,,,
,,,,,,
,,,,,,
,,,,,,
,,,,,,
,,,,,,
,,,,,,
,,,,,,
,,,,,,
,,,,,,
,,,,,,
,,,,,,
,,,,,,
,,,,,,
,,,,,,
,,,,,,
,,,,,,
,,,,,,
,,,,,,
,,,,,,
,,,,,,
,,,,,,
,,,,,,
,,,,,,
,,,,,,
,,,,,,
,,,,,,
,,,,,,
,,,,,,
,,,,,,
,,,,,,
,,,,,,
,,,,,,
,,,,,,
,,,,,,
,,,,,,
,,,,,,
,,,,,,
,,,,,,
,,,,,,
,,,,,,
,,,,,,
,,,,,,
,,,,,,
,,,,,,
,,,,,,
,,,,,,
,,,,,,
,,,,,,
,,,,,,
,,,,,,
,,,,,,
,,,,,,
,,,,,,
,,,,,,
,,,,,,
,,,,,,
,,,,,,
,,,,,,
,,,,,,
,,,,,,
,,,,,,
,,,,,,
,,,,,,
,,,,,,
,,,,,,
,,,,,,
,,,,,,
,,,,,,
,,,,,,
,,,,,,
,,,,,,
,,,,,,
,,,,,,
,,,,,,
,,,,,,
,,,,,,
,,,,,,
,,,,,,
,,,,,,
,,,,,,
,,,,,,
,,,,,,
,,,,,,
,,,,,,
,,,,,,
,,,,,,
,,,,,,
,,,,,,
,,,,,,
,,,,,,
,,,,,,
,,,,,,
,,,,,,
,,,,,,
,,,,,,
,,,,,,
,,,,,,
,,,,,,
,,,,,,
,,,,,,
,,,,,,
,,,,,,
,,,,,,
,,,,,,
,,,,,,
,,,,,,
,,,,,,
,,,,,,
,,,,,,
,,,,,,
,,,,,,
,,,,,,
,,,,,,
,,,,,,
